#AP, x coordinate (-1 = unknown), y coordinate (-1 = unknown), z coordinate (floor, 99 = unknown)
AcadBldg10AP10,818249.2472,439675.6813,1
AcadBldg10AP11,818206.4558,439622.833,0
AcadBldg10AP12,818190.8932,439660.9011,0
AcadBldg10AP13,818073.48,439631.41,4
AcadBldg10AP14,818128.0264,439657.3949,2
AcadBldg10AP15,818206.5529,439648.5652,1
AcadBldg10AP16,818171.3123,439692.868,1
AcadBldg10AP17,818147.4679,439674.3897,-1
AcadBldg10AP1,818061.7659,439613.4797,4
AcadBldg10AP18,818137.0272,439633.7108,1
AcadBldg10AP19,818088.424,439697.1589,-1
AcadBldg10AP20,818075.3155,439688.5695,2
AcadBldg10AP21,818133.2998,439706.7222,2
AcadBldg10AP22,818185.55,439617.5821,1
AcadBldg10AP2,818214.0514,439678.3831,3
AcadBldg10AP3,818127.825,439606.5282,0
AcadBldg10AP4,818198.7299,439690.7522,2
AcadBldg10AP5,818096.6703,439681.988,0
AcadBldg10AP6,818134.2083,439611.0144,2
AcadBldg10AP7,818065.1369,439656.0211,1
AcadBldg10AP8,818129.9908,439686.3092,1
AcadBldg10AP9,818192.2711,439623.4062,2
AcadBldg11AP1,819549.49,440574.9664,0
AcadBldg12AP1,819807.8004,440236.6999,1
AcadBldg12AP2,819811.204,440249.2567,0
AcadBldg12AP3,819776.5745,440254.102,3
AcadBldg13AP1,820058.4,440458.4667,0
AcadBldg14AP1,820914.8989,441372.5131,1
AcadBldg15AP1,819615.8591,440027.9013,2
AcadBldg15AP2,819648.9993,439938.8296,1
AcadBldg15AP3,819594.5732,439999.4167,0
AcadBldg15AP4,819617.2121,439945.1675,2
AcadBldg15AP5,819629.8695,439995.3814,3
AcadBldg16AP1,820149.8937,440438.1632,0
AcadBldg16AP2,820230.8023,440490.8805,1
AcadBldg16AP3,820301.3992,440436.9161,2
AcadBldg16AP4,820296.5491,440432.3003,0
AcadBldg16AP5,820214.4439,440507.9155,0
AcadBldg16AP6,820140.8368,440417.221,2
AcadBldg17AP10,819984.0897,440595.3716,0
AcadBldg17AP11,819938.4164,440580.6131,0
AcadBldg17AP1,819924.9088,440690.2968,0
AcadBldg17AP2,820034.201,440630.8989,0
AcadBldg17AP3,819921.2051,440694.3712,4
AcadBldg17AP4,820036.9729,440562.936,0
AcadBldg17AP5,819916.7671,440689.464,2
AcadBldg17AP6,819930.9869,440559.0936,4
AcadBldg17AP7,819983.9322,440649.345,1
AcadBldg17AP8,819932.1945,440569.1108,2
AcadBldg17AP9,819983.7992,440648.8712,3
AcadBldg18AP10,818147.3611,439868.9246,1
AcadBldg18AP12,818171.8171,439877.8342,0
AcadBldg18AP2,818153.9503,439860.0061,3
AcadBldg18AP3,818034.8735,439883.4977,2
AcadBldg18AP4,818062.9564,439780.2408,1
AcadBldg18AP5,818040.2311,439744.1691,3
AcadBldg18AP6,818092.2997,439829.0685,0
AcadBldg18AP7,818093.6232,439852.6195,0
AcadBldg18AP9,818070.8667,439827,0
AcadBldg19AP1,819664.8893,439833.219,2
AcadBldg19AP2,819676.5189,439715.9697,0
AcadBldg19AP3,819597.7894,439715.7029,3
AcadBldg19AP4,819633.77,439691.2111,3
AcadBldg19AP5,819610.7552,439691.0471,1
AcadBldg1AP1,819397.2368,439970.2605,0
AcadBldg1AP2,819401.9911,440017.1989,2
AcadBldg1AP3,819373.0761,439946.7998,4
AcadBldg1AP4,819438.6127,439949.6518,4
AcadBldg21AP1,820181.0201,439217.5538,4
AcadBldg21AP2,820159.636,439212.7363,2
AcadBldg21AP3,820181.2248,439212.8723,0
AcadBldg22AP1,820099.6915,438819.4351,1
AcadBldg22AP2,820084.6603,438824.8411,3
AcadBldg23AP10,820403.146,440240.2049,3
AcadBldg23AP11,820438.0902,440219.3083,0
AcadBldg23AP1,820519.0653,440310.6239,1
AcadBldg23AP2,820405.6207,440242.5653,1
AcadBldg23AP3,820402.9695,440240.4325,2
AcadBldg23AP4,820519.2704,440311.1905,2
AcadBldg23AP5,820519.7266,440311.6127,3
AcadBldg23AP6,820519.548,440310.4933,0
AcadBldg23AP7,820448.0306,440231.1282,1
AcadBldg23AP8,820449.547,440232.4037,3
AcadBldg23AP9,820450.106,440233.6241,2
AcadBldg25AP2,820085.3757,439112.9617,0
AcadBldg25AP3,820087.9239,439075.763,4
AcadBldg25AP4,820089.4537,439135.1288,4
AcadBldg26AP1,820671.9914,441057.8228,3
AcadBldg26AP2,820657.9582,441035.6017,7
AcadBldg26AP3,820685.2312,441078.8873,5
AcadBldg26AP4,820625.6112,440985.4597,1
AcadBldg26AP5,820707.8801,441128.1894,7
AcadBldg26AP6,820698.4383,441115.0628,3
AcadBldg26AP7,820763.8115,441072.9145,3
AcadBldg27AP1,820980.4538,441038.881,1
AcadBldg29AP1,820245.2691,439084.897,1
AcadBldg2AP1,-1,-1,99
AcadBldg30AP1,820187.0658,439271.3307,1
AcadBldg30AP2,820176.3759,439351.0797,1
AcadBldg30AP3,820192.3093,439423.5546,1
AcadBldg30AP4,820182.6191,439351.6255,4
AcadBldg30AP5,820185.1508,439288.6153,4
AcadBldg30AP6,820176.2389,439346.3551,1
AcadBldg30AP7,820188.7214,439408.4756,4
AcadBldg31AP1,818291.02,440022.7813,1
AcadBldg31AP2,818314.4053,439994.4258,3
AcadBldg31AP3,818309.6264,440027.9973,0
AcadBldg32AP10,820798.3956,441294.3241,1
AcadBldg32AP1,820739.7059,441210.2481,8
AcadBldg32AP2,820746.7852,441220.6984,1
AcadBldg32AP3,820755.3643,441202.4121,6
AcadBldg32AP4,820754.1889,441199.0211,2
AcadBldg32AP5,820800.3675,441274.5584,4
AcadBldg32AP6,820752.3518,441141.6001,1
AcadBldg32AP7,820805.9874,441283.456,2
AcadBldg32AP8,820782.1217,441289.2449,8
AcadBldg32AP9,820805.6228,441282.6332,6
AcadBldg33AP1,819823.4835,440172.2149,2
AcadBldg33AP2,819774.9984,440188.8172,3
AcadBldg33AP3,819766.456,440174.1059,0
AcadBldg33AP4,819717.542,440181.2621,4
AcadBldg33AP5,819780.2415,440186.3354,1
AcadBldg33AP6,819718.1099,440185.7278,2
AcadBldg34AP1,820299.4309,440046.1544,0
AcadBldg34AP2,820252.8978,440056.2265,4
AcadBldg34AP3,820243.6382,440082.2467,0
AcadBldg34AP4,820320.3276,440030.6295,2
AcadBldg34AP5,820232.7631,440075.5536,2
AcadBldg35AP1,818202.4703,439975.2363,0
AcadBldg35AP2,818207.4866,440020.7308,3
AcadBldg36AP1,820254.335,440343.2337,0
AcadBldg37AP1,-1,-1,99
AcadBldg39AP1,-1,-1,99
AcadBldg39AP2,-1,-1,99
AcadBldg3AP1,-1,-1,99
AcadBldg3AP2,-1,-1,99
AcadBldg4AP1,819437.4277,440104.2718,4
AcadBldg4AP2,819396.0957,440066.8381,0
AcadBldg4AP3,819322.2821,440101.0874,4
AcadBldg4AP4,819432.1251,440106.743,1
AcadBldg4AP5,819312.2934,440116.913,0
AcadBldg5AP1,820427.2179,438809.1893,1
AcadBldg6AP1,818061.8912,439930.0485,2
AcadBldg6AP2,818076.1344,439935.9143,1
AcadBldg6AP3,818071.1649,440027.5986,2
AcadBldg6AP4,818031.3495,439959.3297,1
AcadBldg6AP5,818065.5213,439985.4031,1
AcadBldg6AP6,817984.1797,439938.7258,2
AcadBldg7AP1,818128.7799,440019.9472,1
AcadBldg8AP1,820357.3341,440151.5859,1
AcadBldg8AP2,820380.8706,440120.9667,3
AcadBldg8AP3,820362.7464,440204.9948,3
AcadBldg8AP4,820406.0574,440110.0113,4
AcadBldg8AP5,820416.308,440116.659,2
AcadBldg9AP1,821108.4912,441210.7438,3
AcadBldg9AP2,821028.0266,441249.7077,3
AcadBldg9AP3,820973.6803,441292.9864,0
AcadBldg9AP4,820983.0673,441277.9432,3
AcadBldg9AP5,821073.0824,441221.4117,3
AcadBldg9AP6,821043.983,441229.0586,0
AcadBldg9AP7,820965.9128,441300.2196,3
AdmBldg10AP1,-1,-1,99
AdmBldg11AP1,-1,-1,99
AdmBldg12AP1,819465.7432,439479.6799,3
AdmBldg12AP2,819381.142,439458.4999,0
AdmBldg12AP3,-1,-1,99
AdmBldg12AP4,-1,-1,99
AdmBldg12AP5,819468.7304,439428.6172,3
AdmBldg12AP6,819462.6164,439454.6985,0
AdmBldg12AP7,819376.6708,439449.1584,3
AdmBldg13AP1,-1,-1,99
AdmBldg13AP2,-1,-1,99
AdmBldg13AP3,-1,-1,99
AdmBldg13AP4,-1,-1,99
AdmBldg14AP1,820099.1426,440587.6826,1
AdmBldg14AP2,820073.9268,440536.1138,2
AdmBldg15AP1,-1,-1,99
AdmBldg16AP1,819728.6452,439993.9764,0
AdmBldg17AP1,-1,-1,99
AdmBldg18AP1,820177.111,438279.3297,2
AdmBldg19AP1,819412.1619,439720.1772,1
AdmBldg19AP2,819361.7871,439677.6016,0
AdmBldg19AP3,819412.4139,439716.9306,3
AdmBldg1AP1,820304.5918,438558.7637,2
AdmBldg1AP2,820187.3197,438582.1228,2
AdmBldg20AP1,-1,-1,99
AdmBldg20AP2,-1,-1,99
AdmBldg20AP3,820428.1963,438734.9367,1
AdmBldg22AP1,820182.5041,439463.1491,1
AdmBldg22AP2,820176.2688,439476.123,3
AdmBldg23AP1,821261.1083,441330.4734,1
AdmBldg24AP1,819102.8832,439251.0833,3
AdmBldg24AP2,819129.2693,439341.8448,2
AdmBldg25AP1,819234.9264,438602.2353,2
AdmBldg26AP1,820393.5718,441245.2114,2
AdmBldg26AP2,820342.2484,441226.3389,4
AdmBldg26AP3,820339.2457,441274.3514,2
AdmBldg26AP4,820396.3507,441243.6226,4
AdmBldg26AP5,820339.6655,441276.1484,4
AdmBldg27AP1,819867.8585,438252.1985,3
AdmBldg27AP2,819813.4265,438208.6741,2
AdmBldg27AP3,819845.3367,438149.4549,3
AdmBldg28AP1,820479.4972,441262.3462,0
AdmBldg28AP2,820402.7538,441157.6028,2
AdmBldg28AP3,820439.3989,441228.5417,4
AdmBldg28AP4,820439.1799,441231.2242,1
AdmBldg28AP5,820441.1467,441230.0677,2
AdmBldg28AP6,820439.7906,441228.8912,3
AdmBldg28AP7,820400.0807,441164.9154,0
AdmBldg28AP8,820398.9842,441159.8421,4
AdmBldg29AP1,820311.897,441303.7374,1
AdmBldg29AP2,820299.8083,441295.6294,3
AdmBldg30AP1,-1,-1,99
AdmBldg30AP2,-1,-1,99
AdmBldg3AP1,-1,-1,99
AdmBldg4AP1,820057.5044,440217.5588,3
AdmBldg4AP2,820018.3796,440286.4054,1
AdmBldg4AP3,820065.0832,440254.3338,1
AdmBldg5AP1,819455.8548,439280.0743,4
AdmBldg5AP2,819389.7826,439278.9695,4
AdmBldg5AP3,819431.6247,439267.9971,0
AdmBldg6AP1,820256.221,441210.0168,1
AdmBldg6AP2,820246.8654,441193.7952,3
AdmBldg6AP3,820254.5652,441217.6641,0
AdmBldg6AP4,820219.5349,441150.5065,3
AdmBldg6AP5,-1,-1,99
AdmBldg6AP6,820212.2075,441151.5646,1
AdmBldg7AP1,819416.0335,438071.2128,3
AdmBldg7AP2,-1,-1,99
AdmBldg7AP3,-1,-1,99
AdmBldg7AP4,819450.6876,438056.5723,2
AdmBldg7AP5,819395.5023,438071.0325,2
AdmBldg7AP6,819400.5833,438108.3389,3
AdmBldg8AP1,820028.6692,441025.4685,3
AdmBldg8AP2,820166.3593,441063.0582,2
AdmBldg8AP3,820070.3681,440977.4321,1
AdmBldg9AP1,-1,-1,99
AdmBldg9AP2,-1,-1,99
AdmBldg9AP3,-1,-1,99
AdmBldg9AP4,-1,-1,99
AdmBldg9AP5,-1,-1,99
AthlBldg10AP1,822112.1172,438408.3624,1
AthlBldg10AP2,821857.3797,438329.9541,1
AthlBldg11AP1,821501.7887,438211.4876,1
AthlBldg11AP2,821192.913,438145.048,1
AthlBldg2AP1,820960.1722,438936.4356,0
AthlBldg2AP2,821095.2144,438984.6726,0
AthlBldg2AP3,821006.9096,438859.8215,2
AthlBldg2AP4,821016.668,439064.9614,2
AthlBldg3AP1,822531.3975,438071.9083,1
AthlBldg3AP2,822506.1447,437907.003,1
AthlBldg4AP1,821354.7932,439113.7648,0
AthlBldg4AP2,821242.203,439075.9948,0
AthlBldg5AP1,822356.4788,438462.6273,1
AthlBldg5AP2,822356.2556,438385.6673,0
AthlBldg5AP3,822354.0097,438263.272,1
AthlBldg6AP1,820838.4181,438834.6443,0
AthlBldg7AP1,-1,-1,99
AthlBldg7AP2,-1,-1,99
AthlBldg7AP3,-1,-1,99
AthlBldg7AP4,-1,-1,99
AthlBldg8AP1,820760.724,438606.8923,1
AthlBldg8AP2,820839.5691,438253.8843,3
AthlBldg9AP1,817443.5342,440084.8661,1
LibBldg1AP10,819842.653,439869.098,3
LibBldg1AP11,-1,-1,99
LibBldg1AP12,819860.8958,439808.8474,5
LibBldg1AP13,-1,-1,99
LibBldg1AP14,819768.315,439852.7754,2
LibBldg1AP15,819875.17,439828.4806,1
LibBldg1AP16,819677.8034,439805.1609,5
LibBldg1AP17,819839.9201,439918.4171,1
LibBldg1AP1,819789.1821,439895.1611,4
LibBldg1AP2,819670.4845,439873.0356,2
LibBldg1AP3,819711,439934.9334,1
LibBldg1AP4,819756.2482,439855.7359,1
LibBldg1AP5,819674.6776,439917.9924,5
LibBldg1AP6,-1,-1,99
LibBldg1AP7,819760.3001,439822.3557,7
LibBldg1AP8,819752.2126,439837.5131,7
LibBldg1AP9,819858.6924,439920.7886,5
LibBldg2AP10,819701.2954,440079.4051,1
LibBldg2AP11,819770.3982,440094.2265,5
LibBldg2AP12,819636.3781,440109.9941,5
LibBldg2AP13,819709.93,440052.5828,5
LibBldg2AP14,819824.8513,440070.3348,2
LibBldg2AP15,819672.2891,440091.7262,99
LibBldg2AP16,819644.1097,440082.9292,0
LibBldg2AP17,819709.6358,440017.8953,2
LibBldg2AP1,819872.55,440077.7508,1
LibBldg2AP18,819628.3662,440114.3861,6
LibBldg2AP19,819675.266,440090.0532,2
LibBldg2AP20,819712.7658,440071.6737,6
LibBldg2AP21,819806.5944,440072.6508,1
LibBldg2AP2,819636.8436,440106.5529,3
LibBldg2AP3,819794.043,440077.416,1
LibBldg2AP4,819629.5333,440099.6728,2
LibBldg2AP5,819715.4916,440084.1897,0
LibBldg2AP6,819741.3822,440075.0125,3
LibBldg2AP7,819781.0702,440057.4172,0
LibBldg2AP8,819843.7678,440064.5484,3
LibBldg2AP9,819777.0438,440102.9575,6
LibBldg3AP1,820756.3002,440928.4045,0
LibBldg3AP2,820787.5453,440966.8838,2
LibBldg3AP3,820743.167,440901.4714,2
LibBldg3AP4,820817.6012,440943.6328,1
LibBldg3AP5,820704.8878,440927.4704,3
LibBldg3AP6,820751.4492,440983.6302,3
LibBldg3AP7,820780.3337,440884.3779,1
LibBldg4AP1,819925.3354,439603.5252,0
LibBldg4AP2,819942.6912,439626.898,2
LibBldg4AP3,819901.1533,439617.2911,4
LibBldg4AP4,819900.9217,439630.7599,1
LibBldg4AP5,819855.5806,439625.7873,2
LibBldg5AP1,819848.1238,440751.7132,0
OthBldg1AP1,-1,-1,99
OthBldg2AP1,-1,-1,99
OthBldg2AP2,-1,-1,99
OthBldg2AP3,-1,-1,99
OthBldg2AP4,-1,-1,99
OthBldg2AP5,-1,-1,99
OthBldg3AP1,-1,-1,99
OthBldg3AP2,-1,-1,99
OthBldg3AP3,-1,-1,99
OthBldg4AP10,-1,-1,99
OthBldg4AP11,-1,-1,99
OthBldg4AP1,-1,-1,99
OthBldg4AP2,-1,-1,99
OthBldg4AP3,-1,-1,99
OthBldg4AP4,-1,-1,99
OthBldg4AP5,-1,-1,99
OthBldg4AP6,-1,-1,99
OthBldg4AP7,-1,-1,99
OthBldg4AP8,-1,-1,99
OthBldg4AP9,-1,-1,99
OthBldg5AP1,-1,-1,99
OthBldg6AP1,-1,-1,99
OthBldg6AP2,-1,-1,99
ResBldg100AP1,819302.2122,440648.9322,0
ResBldg100AP2,819311.6896,440652.9734,3
ResBldg101AP1,819262.01,439514.4614,4
ResBldg101AP2,819261.9629,439515.3994,1
ResBldg102AP2,-1,-1,99
ResBldg12AP1,-1,-1,99
ResBldg13AP1,819249.3381,440589.3347,0
ResBldg13AP2,819221.0025,440584.9522,3
ResBldg14AP1,-1,-1,99
ResBldg15AP1,819268.3449,439220.4771,1
ResBldg15AP2,819274.1734,439224.0718,4
ResBldg16AP1,-1,-1,99
ResBldg17AP1,819167.4097,440877.0276,2
ResBldg18AP1,-1,-1,99
ResBldg18AP2,-1,-1,99
ResBldg18AP3,-1,-1,99
ResBldg18AP4,-1,-1,99
ResBldg18AP5,-1,-1,99
ResBldg18AP6,-1,-1,99
ResBldg18AP7,-1,-1,99
ResBldg19AP1,821224.7652,439435.1273,2
ResBldg19AP2,821224.7652,439435.1273,1
ResBldg1AP1,-1,-1,99
ResBldg20AP1,819272.2723,439333.214,1
ResBldg20AP2,819269.9599,439402.1319,4
ResBldg20AP3,819269.4686,439403.4421,1
ResBldg20AP4,819272.1796,439333.3285,4
ResBldg21AP1,820357.3556,439218.3242,4
ResBldg21AP2,820334.9039,439209.0712,2
ResBldg21AP3,820355.517,439224.3558,0
ResBldg22AP1,819028.362,440759.2213,3
ResBldg22AP2,819035.5658,440747.7762,0
ResBldg23AP1,821040.7158,439610.0023,1
ResBldg23AP2,820974.0642,439530.9478,1
ResBldg23AP3,821073.5006,439575.8091,3
ResBldg23AP4,821008.0544,439595.3418,3
ResBldg23AP5,821040.6979,439609.965,4
ResBldg23AP6,821039.3369,439548.1101,1
ResBldg24AP1,818412.0432,439962.8413,1
ResBldg24AP2,818395.9739,440023.6966,3
ResBldg25AP1,820589.8494,439528.2126,3
ResBldg25AP2,820589.3068,439527.992,1
ResBldg26AP1,-1,-1,99
ResBldg27AP1,-1,-1,99
ResBldg28AP1,-1,-1,99
ResBldg29AP1,-1,-1,99
ResBldg2AP1,-1,-1,99
ResBldg30AP1,821095.7557,439510.3298,1
ResBldg30AP2,821141.4493,439383.4824,4
ResBldg30AP3,821141.4471,439383.5719,1
ResBldg30AP4,821095.8452,439510.332,4
ResBldg31AP1,818513.8308,439962.9099,1
ResBldg31AP2,818611.5704,439964.8776,1
ResBldg31AP3,818564.2766,439964.6073,3
ResBldg32AP1,-1,-1,99
ResBldg33AP1,820526.876,439494.067,2
ResBldg33AP2,820520.9964,439509.903,0
ResBldg34AP1,-1,-1,99
ResBldg35AP1,-1,-1,99
ResBldg36AP1,819047.4208,440649.5809,3
ResBldg36AP2,819078.6011,440654.0607,0
ResBldg37AP1,-1,-1,99
ResBldg38AP1,819392.6011,440500.2387,0
ResBldg38AP2,819400.7803,440565.8108,0
ResBldg38AP3,819393.1208,440536.079,3
ResBldg39AP1,819216,440662.2667,2
ResBldg3AP1,820356.3913,439366.5519,4
ResBldg3AP2,820353.2046,439279.8846,0
ResBldg3AP3,820365.6054,439297.8473,4
ResBldg3AP4,820346.3992,439379.0523,0
ResBldg3AP5,820366.8841,439388.7801,4
ResBldg41AP1,820298.4206,438889.8565,3
ResBldg41AP2,820301.2624,438890.7456,1
ResBldg41AP3,820219.3047,438868.5361,3
ResBldg41AP4,820219.55,438868.5406,1
ResBldg42AP1,-1,-1,99
ResBldg43AP1,817795.9445,439799.3442,4
ResBldg43AP2,817737.9517,439756.6505,1
ResBldg43AP3,817796.7184,439800.7396,1
ResBldg43AP4,817734.9875,439756.647,4
ResBldg44AP1,819267.5325,439684.6246,1
ResBldg44AP2,819229.5628,439728.9882,3
ResBldg44AP3,819267.4278,439681.4921,3
ResBldg44AP4,819228.7936,439730.4469,1
ResBldg46AP1,-1,-1,99
ResBldg47AP1,819107.0996,440704.8382,2
ResBldg48AP1,-1,-1,99
ResBldg49AP1,819463.8676,440602.0772,0
ResBldg4AP1,-1,-1,99
ResBldg50AP1,-1,-1,99
ResBldg52AP1,820973.9572,439359.6102,0
ResBldg53AP1,821571.7591,439203.8012,99
ResBldg54AP1,817748.7965,439349.9951,2
ResBldg54AP2,817810.3253,439287.5273,2
ResBldg54AP3,817886.246,439304.5953,2
ResBldg54AP4,817855.0587,439320.1422,2
ResBldg54AP5,817714.3237,439347.5825,2
ResBldg54AP6,817778.7047,439302.6441,2
ResBldg55AP1,817674.6133,439624.7928,1
ResBldg55AP2,817721.1001,439563.625,4
ResBldg55AP3,817674.4992,439637.2014,4
ResBldg55AP4,817710.5654,439569.4293,1
ResBldg56AP10,819657.9585,438756.1051,1
ResBldg56AP11,819762.0032,438736.3791,5
ResBldg56AP12,819665.1774,438724.9648,3
ResBldg56AP13,819663.3311,438668.34,4
ResBldg56AP14,819656.9367,438811.533,5
ResBldg56AP1,819707.9127,438759.3513,1
ResBldg56AP2,-1,-1,99
ResBldg56AP3,819664.8484,438726.5702,5
ResBldg56AP4,819779.1122,438752.967,0
ResBldg56AP5,819761.7649,438736.4798,3
ResBldg56AP6,-1,-1,99
ResBldg56AP7,819761.7649,438736.4798,2
ResBldg56AP8,819659.4584,438781.2709,2
ResBldg56AP9,819664.5971,438730.7343,2
ResBldg57AP1,820508.7389,438888.4432,1
ResBldg57AP2,820423.8682,438949.3711,1
ResBldg57AP3,820488.9788,438961.7071,1
ResBldg57AP4,820484.76,438967.6075,3
ResBldg57AP5,820423.4316,438951.0991,3
ResBldg57AP6,820508.739,438888.4429,3
ResBldg58AP1,-1,-1,99
ResBldg5AP1,-1,-1,99
ResBldg60AP1,817887.5333,439391.2202,2
ResBldg60AP2,817976.4862,439330.7369,2
ResBldg60AP3,818024.5292,439362.9396,2
ResBldg60AP4,818021.5024,439393.5784,2
ResBldg60AP5,817949.5761,439345.2056,2
ResBldg60AP6,817918.2783,439393.7902,2
ResBldg61AP1,820813.4482,439275.4755,2
ResBldg62AP1,820165.8789,439820.1659,4
ResBldg62AP2,820100.7229,439827.9128,1
ResBldg62AP3,820101.171,439830.8279,4
ResBldg62AP4,820165.4306,439817.2508,1
ResBldg63AP1,818860.3233,439687.8577,1
ResBldg63AP2,818860.7845,439687.8111,4
ResBldg64AP1,-1,-1,99
ResBldg66AP1,820666.03,439563.0975,0
ResBldg66AP2,820674.3392,439539.0242,2
ResBldg67AP1,819660.3517,440713.4264,0
ResBldg68AP1,-1,-1,99
ResBldg69AP1,-1,-1,99
ResBldg69AP2,-1,-1,99
ResBldg69AP3,-1,-1,99
ResBldg69AP4,-1,-1,99
ResBldg69AP5,-1,-1,99
ResBldg69AP6,-1,-1,99
ResBldg69AP7,-1,-1,99
ResBldg69AP8,-1,-1,99
ResBldg6AP1,820931.7419,439319.7117,0
ResBldg6AP2,820876.4217,439329.3775,3
ResBldg71AP1,-1,-1,99
ResBldg71AP2,-1,-1,99
ResBldg72AP1,818635.5659,440228.1854,0
ResBldg73AP1,-1,-1,99
ResBldg74AP1,817558.1965,439524.7671,4
ResBldg74AP2,817529.7296,439460.3306,1
ResBldg74AP3,817558.4475,439513.6762,1
ResBldg74AP4,817526.3728,439458.3639,4
ResBldg75AP1,-1,-1,99
ResBldg76AP1,818564.2195,440584.2011,2
ResBldg76AP2,818560.3071,440573.6893,0
ResBldg78AP1,-1,-1,99
ResBldg79AP1,820211.0133,440275.651,0
ResBldg7AP1,821317.5434,439591.3577,99
ResBldg7AP2,821310.6076,439637.8896,99
ResBldg80AP1,820929.404,439526.5228,3
ResBldg80AP2,820909.9435,439460.6167,3
ResBldg80AP3,820895.0879,439493.4102,4
ResBldg80AP4,820895.0497,439493.4294,1
ResBldg81AP1,-1,-1,99
ResBldg82AP1,820309.9777,439664.208,1
ResBldg82AP2,820311.4498,439718.7001,3
ResBldg82AP3,820310.7256,439662.6696,2
ResBldg82AP4,820310.8592,439720.0455,1
ResBldg83AP1,817984.0665,439791.5807,1
ResBldg83AP2,817887.7818,439789.236,3
ResBldg83AP3,817864.3618,439846.4692,1
ResBldg83AP4,817887.2201,439795.0394,0
ResBldg83AP5,817864.4736,439846.5856,2
ResBldg83AP6,817882.0692,439845.6287,4
ResBldg83AP7,818000.2485,439787.1495,2
ResBldg83AP8,817978.7231,439783.2207,4
ResBldg84AP1,820388.5362,439474.5062,4
ResBldg84AP2,820389.0728,439476.3376,0
ResBldg84AP3,820375.5069,439466.1432,2
ResBldg85AP1,-1,-1,99
ResBldg85AP2,821660.2494,439408.2847,99
ResBldg86AP1,821253.1652,439848.4919,0
ResBldg86AP2,821262.8092,439769.1301,0
ResBldg87AP1,821331.3837,439475.5983,1
ResBldg87AP2,821331.3837,439475.5983,2
ResBldg88AP1,-1,-1,99
ResBldg89AP10,820595.6005,440907.8611,0
ResBldg89AP1,820592.2109,440909.8607,3
ResBldg89AP2,820595.6005,440907.8611,1
ResBldg89AP3,820592.306,440909.8009,4
ResBldg89AP4,820686.4015,440849.1444,3
ResBldg89AP5,820595.5407,440907.766,2
ResBldg89AP6,820673.9296,440853.8036,0
ResBldg89AP7,820698.2729,440840.6785,1
ResBldg89AP8,820686.4613,440849.2395,4
ResBldg89AP9,820683.1669,440851.1793,2
ResBldg90AP1,818998.791,439682.2108,1
ResBldg90AP2,818993.9589,439681.9131,4
ResBldg91AP1,819074.113,439685.6368,3
ResBldg91AP2,819111.5802,439719.9887,1
ResBldg91AP3,819111.5793,439720.019,3
ResBldg91AP4,819074.1139,439685.6063,1
ResBldg92AP1,820119.8504,438471.5752,3
ResBldg92AP2,820093.506,438473.1584,0
ResBldg92AP3,820063.0086,438467.9934,3
ResBldg93AP1,819140.0745,440030.0142,3
ResBldg93AP2,819140.1862,440029.8476,1
ResBldg94AP10,821144.851,439634.2598,3
ResBldg94AP11,821144.8951,439634.6302,1
ResBldg94AP12,821146.1789,439630.8962,4
ResBldg94AP1,821193.0592,439660.58,1
ResBldg94AP2,821192.9922,439660.4376,3
ResBldg94AP3,821144.9222,439634.2263,2
ResBldg94AP4,821150.8283,439602.195,2
ResBldg94AP5,821169.8883,439553.8856,0
ResBldg94AP6,821155.8316,439594.3626,3
ResBldg94AP7,821153.6285,439602.7887,1
ResBldg94AP8,821191.8743,439660.0947,2
ResBldg94AP9,821192.3608,439656.606,4
ResBldg96AP1,821743.1248,439585.9681,0
ResBldg97AP1,819254.6922,439948.4826,4
ResBldg97AP2,819254.6681,439948.2903,2
ResBldg97AP3,819210.524,439953.8145,4
ResBldg97AP4,819250.5689,440005.8656,2
ResBldg97AP5,819212.5624,439953.8952,1
ResBldg97AP6,819250.5396,440005.8006,4
ResBldg98AP1,821583.3998,439365.9565,99
ResBldg99AP1,-1,-1,99
ResBldg9AP1,-1,-1,99
ResBldg9AP2,-1,-1,99
SocBldg10AP1,-1,-1,99
SocBldg10AP2,818344.224,440785.3624,0
SocBldg11AP1,819171.5848,439057.4739,1
SocBldg11AP2,819247.8103,439098.1315,0
SocBldg11AP3,819070.5746,439116.8326,1
SocBldg11AP4,819137.9312,439108.6299,2
SocBldg11AP5,819061.8149,439083.2945,3
SocBldg11AP6,819242.417,439112.2367,2
SocBldg1AP1,819454.2278,438998.0654,1
SocBldg1AP2,819366.6965,439042.9735,1
SocBldg1AP3,819442.5199,438956.9685,0
SocBldg1AP4,819406.5895,438954.3371,3
SocBldg1AP5,819453.7516,438964.5152,2
SocBldg2AP1,819382.1929,439119.8464,0
SocBldg2AP2,819437.7838,439117.2868,3
SocBldg2AP3,819452.9239,439136.5714,2
SocBldg3AP1,-1,-1,99
SocBldg3AP2,-1,-1,99
SocBldg3AP3,-1,-1,99
SocBldg4AP10,819874.257,438565.5976,2
SocBldg4AP11,819945.1975,438399.5472,0
SocBldg4AP12,819978.6549,438604.7107,1
SocBldg4AP13,819956.8163,438717.0475,2
SocBldg4AP14,819904.9411,438454.7002,-1
SocBldg4AP15,819968.7687,438772.5969,0
SocBldg4AP16,819877.4149,438609.3164,0
SocBldg4AP17,819941.9601,438708.2479,0
SocBldg4AP1,819918.3599,438591.3803,1
SocBldg4AP18,819962.3037,438408.4808,-1
SocBldg4AP19,819905.6302,438418.4558,1
SocBldg4AP20,820011.3802,438670.3228,1
SocBldg4AP21,819873.0134,438535.3057,1
SocBldg4AP22,819959.4045,438457.1524,-1
SocBldg4AP2,819999.8698,438711.6974,0
SocBldg4AP3,-1,-1,99
SocBldg4AP4,819864.0974,438682.9775,1
SocBldg4AP5,819884.4926,438716.3575,0
SocBldg4AP6,820006.9494,438459.9845,-1
SocBldg4AP7,819997.0699,438720.802,2
SocBldg4AP8,819859.2589,438697.7819,2
SocBldg4AP9,819972.892,438466.0966,1
SocBldg5AP1,820167.0656,438695.2227,1
SocBldg5AP2,820095.4171,438590.1449,1
SocBldg5AP3,820130.5954,438697.9432,1
SocBldg5AP4,820096.1012,438583.7521,1
SocBldg6AP1,-1,-1,99
SocBldg9AP1,-1,-1,99

