Date,Floor,User-Group,User-Count,WiFi-Conn,Duration-Sec,Traffic-In-Byte,Traffic-Out-Byte,Traffic-Both-Byte
2017-02-01,1,Staff,65,844,929868,85836131355,5723051422,91559182777
2017-02-01,1,TPG,60,1024,1178261,146325183702,13034271378,159359455080
2017-02-01,1,RPG,21,198,261098,28724739524,1742139123,30466878647
2017-02-01,1,UG,294,2311,2437779,231710227875,34818475789,266528703664
2017-02-01,1,Alumni,1,12,10018,7067991,2489348,9557339
2017-02-01,1,Others(HKUST),8,22,108806,1331891304,60531032,1392422336
2017-02-01,1,Non-HKUST,11,53,78069,6905485426,1442120087,8347605513
2017-02-01,1,Total,460,4464,5003899,500840727177,56823078179,557663805356
2017-02-01,G,Staff,132,716,558619,19611921924,3278182310,22890104234
2017-02-01,G,TPG,219,1006,581217,72488608286,14352154883,86840763169
2017-02-01,G,RPG,105,400,238483,15934746174,1489404745,17424150919
2017-02-01,G,UG,1446,6630,3819126,505939413775,81276792078,587216205853
2017-02-01,G,Alumni,14,51,41410,10612401860,375757032,10988158892
2017-02-01,G,Others(HKUST),12,101,211070,4142256719,438407119,4580663838
2017-02-01,G,Non-HKUST,43,168,146745,12228327683,1547597932,13775925615
2017-02-01,G,Total,1971,9072,5596670,640957676421,102758296099,743715972520
2017-02-01,LG1,Staff,138,647,378216,17799281404,3659567096,21458848500
2017-02-01,LG1,TPG,226,1993,2168707,170902468087,21641361504,192543829591
2017-02-01,LG1,RPG,106,665,675633,77955126833,5343834335,83298961168
2017-02-01,LG1,UG,1671,12258,11398968,1152326703405,286096279941,1438422983346
2017-02-01,LG1,Alumni,10,32,55265,6881133116,239547072,7120680188
2017-02-01,LG1,Others(HKUST),9,46,468560,8861826470,2143692712,11005519182
2017-02-01,LG1,Non-HKUST,43,184,223817,18744838258,10437079181,29181917439
2017-02-01,LG1,Total,2203,15825,15369166,1453471377573,329561361841,1783032739414
2017-02-01,LG3,Staff,71,220,49353,7195566795,905857843,8101424638
2017-02-01,LG3,TPG,110,1165,1465434,185201698813,35281210137,220482908950
2017-02-01,LG3,RPG,39,162,85668,25978861748,2059680513,28038542261
2017-02-01,LG3,UG,645,3376,2935095,302785574493,41478995839,344264570332
2017-02-01,LG3,Alumni,5,31,9146,2144608308,69873042,2214481350
2017-02-01,LG3,Others(HKUST),4,72,16516,433503563,256719177,690222740
2017-02-01,LG3,Non-HKUST,19,85,79144,11374304151,638708921,12013013072
2017-02-01,LG3,Total,893,5111,4640356,535114117871,80691045472,615805163343
2017-02-01,LG4,Staff,110,293,159985,15059561416,1702629262,16762190678
2017-02-01,LG4,TPG,124,1358,1629936,279542341066,20772905811,300315246877
2017-02-01,LG4,RPG,84,433,422422,50419603691,3357976517,53777580208
2017-02-01,LG4,UG,1390,4524,3187411,371244710779,44040918200,415285628979
2017-02-01,LG4,Alumni,10,33,71821,5645602394,159067279,5804669673
2017-02-01,LG4,Others(HKUST),12,247,253191,20664607848,1912888481,22577496329
2017-02-01,LG4,Non-HKUST,41,127,135640,20052252883,1375604197,21427857080
2017-02-01,LG4,Total,1771,7015,5860406,762628680077,73321989747,835950669824
2017-02-01,All-Floors,Staff,330,2720,2076041,145502462894,15269287933,160771750827
2017-02-01,All-Floors,TPG,375,6546,7023555,854460299954,105081903713,959542203667
2017-02-01,All-Floors,RPG,227,1858,1683304,199013077970,13993035233,213006113203
2017-02-01,All-Floors,UG,3275,29099,23778379,2564006630327,487711461847,3051718092174
2017-02-01,All-Floors,Alumni,25,159,187660,25290813669,846733773,26137547442
2017-02-01,All-Floors,Others(HKUST),26,488,1058143,35434085904,4812238521,40246324425
2017-02-01,All-Floors,Non-HKUST,91,617,663415,69305208401,15441110318,84746318719
2017-02-01,All-Floors,Total,4349,41487,36470497,3893012579119,643155771338,4536168350457
2017-02-02,1,Staff,62,872,968344,38286159081,2518137932,40804297013
2017-02-02,1,TPG,84,1599,1924676,703261811001,101836413527,805098224528
2017-02-02,1,RPG,21,225,273465,21823921569,1890810225,23714731794
2017-02-02,1,UG,317,2692,2584544,352737008665,32461714071,385198722736
2017-02-02,1,Alumni,2,9,14039,20980894,13479819,34460713
2017-02-02,1,Others(HKUST),1,3,238,8464720,1275600,9740320
2017-02-02,1,Non-HKUST,12,59,55803,2939932099,193569079,3133501178
2017-02-02,1,Total,499,5459,5821109,1119078278029,138915400253,1257993678282
2017-02-02,G,Staff,136,1004,655633,20358772922,4803535113,25162308035
2017-02-02,G,TPG,288,1415,883323,150704741565,12935084096,163639825661
2017-02-02,G,RPG,112,583,429128,63280690348,11559057560,74839747908
2017-02-02,G,UG,1335,6262,3564907,514677869804,61777769275,576455639079
2017-02-02,G,Alumni,13,144,108760,1240251762,1140240203,2380491965
2017-02-02,G,Others(HKUST),8,123,290582,1797885956,457586290,2255472246
2017-02-02,G,Non-HKUST,45,174,131357,18364237618,1171245144,19535482762
2017-02-02,G,Total,1937,9705,6063690,770424449975,93844517681,864268967656
2017-02-02,LG1,Staff,130,564,322355,22374237402,1638818881,24013056283
2017-02-02,LG1,TPG,302,2417,2750986,351951529190,38308550927,390260080117
2017-02-02,LG1,RPG,137,907,905122,73190253470,6020395286,79210648756
2017-02-02,LG1,UG,1731,13630,13814480,1533043380544,168228978200,1701272358744
2017-02-02,LG1,Alumni,11,57,54241,11765672948,895102178,12660775126
2017-02-02,LG1,Others(HKUST),7,61,584819,14350316099,3250770395,17601086494
2017-02-02,LG1,Non-HKUST,42,172,174964,14843166380,777483697,15620650077
2017-02-02,LG1,Total,2360,17808,18606967,2021518556033,219120099564,2240638655597
2017-02-02,LG3,Staff,67,297,111486,18246335769,820660649,19066996418
2017-02-02,LG3,TPG,166,1616,1975596,221704996923,37364600964,259069597887
2017-02-02,LG3,RPG,73,312,214058,28077636172,3629187320,31706823492
2017-02-02,LG3,UG,630,3767,3524590,479906880413,56669495462,536576375875
2017-02-02,LG3,Alumni,7,28,37126,8308436521,126465759,8434902280
2017-02-02,LG3,Others(HKUST),3,53,3486,96955214,18067511,115022725
2017-02-02,LG3,Non-HKUST,28,134,140995,12545936142,703868224,13249804366
2017-02-02,LG3,Total,974,6207,6007337,768887177154,99332345889,868219523043
2017-02-02,LG4,Staff,126,488,271143,34881092913,3196486970,38077579883
2017-02-02,LG4,TPG,168,2100,2294835,562105871264,37461272412,599567143676
2017-02-02,LG4,RPG,105,558,556697,111427549438,13935902624,125363452062
2017-02-02,LG4,UG,1324,4538,3294592,627186267040,47175325940,674361592980
2017-02-02,LG4,Alumni,12,80,104053,6753738884,1850466996,8604205880
2017-02-02,LG4,Others(HKUST),8,199,261877,29155203956,2136309909,31291513865
2017-02-02,LG4,Non-HKUST,38,112,71086,9389252284,511481704,9900733988
2017-02-02,LG4,Total,1781,8075,6854283,1380898975779,106267246555,1487166222334
2017-02-02,All-Floors,Staff,326,3225,2328961,134146598087,12977639545,147124237632
2017-02-02,All-Floors,TPG,486,9147,9829416,1989728949943,227905921926,2217634871869
2017-02-02,All-Floors,RPG,273,2585,2378470,297800050997,37035353015,334835404012
2017-02-02,All-Floors,UG,3154,30889,26783113,3507551406466,366313282948,3873864689414
2017-02-02,All-Floors,Alumni,21,318,318219,28089081009,4025754955,32114835964
2017-02-02,All-Floors,Others(HKUST),16,439,1141002,45408825945,5864009705,51272835650
2017-02-02,All-Floors,Non-HKUST,98,651,574205,58082524523,3357647848,61440172371
2017-02-02,All-Floors,Total,4374,47254,43353386,6060807436970,657479609942,6718287046912
2017-02-03,1,Staff,64,828,1115926,40381267138,2994144420,43375411558
2017-02-03,1,TPG,84,1467,1542951,180926458239,17854100061,198780558300
2017-02-03,1,RPG,19,219,281035,15353973477,2052265538,17406239015
2017-02-03,1,UG,277,2335,2449020,220368679542,19265920970,239634600512
2017-02-03,1,Alumni,3,10,1569,284059591,11281564,295341155
2017-02-03,1,Others(HKUST),4,8,1330,35739318,47427450,83166768
2017-02-03,1,Non-HKUST,7,15,28817,693896202,56422151,750318353
2017-02-03,1,Total,458,4882,5420648,458044073507,42281562154,500325635661
2017-02-03,G,Staff,134,876,595057,20798425388,3637138078,24435563466
2017-02-03,G,TPG,233,1182,741022,82288444378,8437333638,90725778016
2017-02-03,G,RPG,118,553,359236,30927344864,3081503902,34008848766
2017-02-03,G,UG,1211,5895,3436177,558667721480,52503292683,611171014163
2017-02-03,G,Alumni,9,77,86333,2182628637,4115078272,6297706909
2017-02-03,G,Others(HKUST),9,201,307039,5663987113,30786782144,36450769257
2017-02-03,G,Non-HKUST,36,125,142951,20408868195,1929745381,22338613576
2017-02-03,G,Total,1750,8909,5667815,720937420055,104490874098,825428294153
2017-02-03,LG1,Staff,140,644,511000,39577709021,4671176267,44248885288
2017-02-03,LG1,TPG,298,2793,2974856,307419398508,35024354131,342443752639
2017-02-03,LG1,RPG,143,808,823800,50547397610,7757752003,58305149613
2017-02-03,LG1,UG,1642,12280,12245372,1477490311982,166262517112,1643752829094
2017-02-03,LG1,Alumni,9,63,59793,2147226891,192835004,2340061895
2017-02-03,LG1,Others(HKUST),10,80,607022,27911238505,4485680989,32396919494
2017-02-03,LG1,Non-HKUST,37,255,209752,12527565564,1813168908,14340734472
2017-02-03,LG1,Total,2279,16923,17431595,1917620848081,220207484414,2137828332495
2017-02-03,LG3,Staff,79,283,110169,6472979047,693328447,7166307494
2017-02-03,LG3,TPG,129,1497,1666353,155501716955,13889434188,169391151143
2017-02-03,LG3,RPG,64,383,248564,39454018581,3396872763,42850891344
2017-02-03,LG3,UG,588,3274,3063841,327638692406,38274309565,365913001971
2017-02-03,LG3,Alumni,4,7,2282,343360918,32628429,375989347
2017-02-03,LG3,Others(HKUST),7,59,8778,276911905,664155842,941067747
2017-02-03,LG3,Non-HKUST,20,107,97999,3351280540,475179265,3826459805
2017-02-03,LG3,Total,891,5610,5197986,533038960352,57425908499,590464868851
2017-02-03,LG4,Staff,127,409,225292,26422696550,2494271152,28916967702
2017-02-03,LG4,TPG,163,1517,2165256,345647404105,28715395572,374362799677
2017-02-03,LG4,RPG,122,583,642681,71664694364,29247611632,100912305996
2017-02-03,LG4,UG,1225,4530,3691354,655839876258,55624785487,711464661745
2017-02-03,LG4,Alumni,7,39,37166,844800457,106936385,951736842
2017-02-03,LG4,Others(HKUST),12,244,293380,28387839619,5499832526,33887672145
2017-02-03,LG4,Non-HKUST,31,99,115486,17842724019,2032374555,19875098574
2017-02-03,LG4,Total,1687,7421,7170615,1146650035372,123721207309,1270371242681
2017-02-03,All-Floors,Staff,342,3040,2557444,133653077144,14490058364,148143135508
2017-02-03,All-Floors,TPG,457,8456,9090438,1071783422185,103920617590,1175704039775
2017-02-03,All-Floors,RPG,294,2546,2355316,207947428896,45536005838,253483434734
2017-02-03,All-Floors,UG,2994,28314,24885764,3240005281668,331930825817,3571936107485
2017-02-03,All-Floors,Alumni,20,196,187143,5802076494,4458759654,10260836148
2017-02-03,All-Floors,Others(HKUST),24,592,1217549,62275716460,41483878951,103759595411
2017-02-03,All-Floors,Non-HKUST,83,601,595005,54824334520,6306890260,61131224780
2017-02-03,All-Floors,Total,4214,43745,40888659,4776291337367,548127036474,5324418373841
2017-02-04,1,Staff,12,126,250331,3077168516,452532029,3529700545
2017-02-04,1,TPG,61,827,1181392,166067762102,17609263411,183677025513
2017-02-04,1,RPG,17,287,430657,46593569726,11207653375,57801223101
2017-02-04,1,UG,56,436,693047,61751350077,9442351924,71193702001
2017-02-04,1,Alumni,4,31,58401,2180941644,327479889,2508421533
2017-02-04,1,Others(HKUST),2,2,0,39425,33530,72955
2017-02-04,1,Non-HKUST,2,6,3485,191991823,6732761,198724584
2017-02-04,1,Total,154,1715,2617313,279862823313,39046046919,318908870232
2017-02-04,G,Staff,41,232,351969,14234628443,2169178593,16403807036
2017-02-04,G,TPG,191,751,516261,151610272256,12080520808,163690793064
2017-02-04,G,RPG,72,342,323597,46262073974,6880096832,53142170806
2017-02-04,G,UG,235,1177,1113137,325488279971,23921218884,349409498855
2017-02-04,G,Alumni,26,90,59749,9954521554,575929220,10530450774
2017-02-04,G,Others(HKUST),3,63,174111,852453399,155282128,1007735527
2017-02-04,G,Non-HKUST,25,74,96477,10811871229,513087073,11324958302
2017-02-04,G,Total,593,2729,2635301,559214100826,46295313538,605509414364
2017-02-04,LG1,Staff,41,197,295432,12110804687,1406363502,13517168189
2017-02-04,LG1,TPG,232,2239,3265564,473821226230,40034168206,513855394436
2017-02-04,LG1,RPG,103,671,977810,139933926785,12142939369,152076866154
2017-02-04,LG1,UG,541,4105,7069141,623655157615,65689234283,689344391898
2017-02-04,LG1,Alumni,22,165,235486,26434670697,3660750847,30095421544
2017-02-04,LG1,Others(HKUST),9,80,610704,8102382988,1773786270,9876169258
2017-02-04,LG1,Non-HKUST,16,148,278109,23105282477,7789828444,30895110921
2017-02-04,LG1,Total,964,7605,12732246,1307163451479,132497070921,1439660522400
2017-02-04,LG3,Staff,25,92,113196,14144349514,1386364460,15530713974
2017-02-04,LG3,TPG,94,796,1203463,153721076419,10511384767,164232461186
2017-02-04,LG3,RPG,36,233,254853,44873810333,3329847784,48203658117
2017-02-04,LG3,UG,243,1350,1476494,216413126621,22465419136,238878545757
2017-02-04,LG3,Alumni,4,21,38382,6702063228,210467530,6912530758
2017-02-04,LG3,Others(HKUST),7,12,15124,2303390691,215590486,2518981177
2017-02-04,LG3,Non-HKUST,11,36,50624,1206223847,84306936,1290530783
2017-02-04,LG3,Total,420,2540,3152136,439364040653,38203381099,477567421752
2017-02-04,LG4,Staff,32,61,58847,1574828456,176869873,1751698329
2017-02-04,LG4,TPG,114,1005,1527398,195834610690,16283412490,212118023180
2017-02-04,LG4,RPG,79,265,269874,56926391252,6242441209,63168832461
2017-02-04,LG4,UG,411,1708,1641655,277501982811,18295487341,295797470152
2017-02-04,LG4,Alumni,16,149,296402,30619002374,5732004617,36351006991
2017-02-04,LG4,Others(HKUST),10,113,369254,30893713809,1407505515,32301219324
2017-02-04,LG4,Non-HKUST,22,58,109780,18849590487,716616667,19566207154
2017-02-04,LG4,Total,684,3359,4273210,612200119879,48854337712,661054457591
2017-02-04,All-Floors,Staff,106,708,1069775,45141779616,5591308457,50733088073
2017-02-04,All-Floors,TPG,354,5618,7694078,1141054947697,96518749682,1237573697379
2017-02-04,All-Floors,RPG,203,1798,2256791,334589772070,39802978569,374392750639
2017-02-04,All-Floors,UG,957,8776,11993474,1504809897095,139813711568,1644623608663
2017-02-04,All-Floors,Alumni,43,456,688420,75891199497,10506632103,86397831600
2017-02-04,All-Floors,Others(HKUST),17,270,1169193,42151980312,3552197929,45704178241
2017-02-04,All-Floors,Non-HKUST,51,322,538475,54164959863,9110571881,63275531744
2017-02-04,All-Floors,Total,1731,17948,25410206,3197804536150,304896150189,3502700686339
2017-02-05,1,Staff,12,140,196309,1067594404,209757141,1277351545
2017-02-05,1,TPG,58,949,1572372,144920843356,13802540299,158723383655
2017-02-05,1,RPG,22,238,348134,55270778071,5876200803,61146978874
2017-02-05,1,UG,60,445,694855,53538352335,13394697098,66933049433
2017-02-05,1,Alumni,4,63,99268,4175590643,1730310310,5905900953
2017-02-05,1,Others(HKUST),0,0,0,0,0,0
2017-02-05,1,Non-HKUST,1,3,0,847521,7819557,8667078
2017-02-05,1,Total,157,1838,2910938,258974006330,35021325208,293995331538
2017-02-05,G,Staff,35,223,224679,5040490863,477128544,5517619407
2017-02-05,G,TPG,137,609,483308,70140285805,7207974006,77348259811
2017-02-05,G,RPG,74,346,327365,25093686479,2936110944,28029797423
2017-02-05,G,UG,284,1081,1086437,103680297221,18741301428,122421598649
2017-02-05,G,Alumni,23,68,70775,15847451150,2362187758,18209638908
2017-02-05,G,Others(HKUST),3,26,179877,294182106,137970450,432152556
2017-02-05,G,Non-HKUST,10,35,29296,3359785866,267881497,3627667363
2017-02-05,G,Total,566,2388,2401737,223456179490,32130554627,255586734117
2017-02-05,LG1,Staff,50,300,478482,69442680173,2719661385,72162341558
2017-02-05,LG1,TPG,221,2616,4119755,735985130057,60438570441,796423700498
2017-02-05,LG1,RPG,108,721,898728,196055192735,12053524681,208108717416
2017-02-05,LG1,UG,598,5178,8718079,818463627571,118252730565,936716358136
2017-02-05,LG1,Alumni,20,182,229464,22907235344,1505508909,24412744253
2017-02-05,LG1,Others(HKUST),5,115,592176,14936914330,2284367991,17221282321
2017-02-05,LG1,Non-HKUST,18,85,137245,7179702969,1964912950,9144615919
2017-02-05,LG1,Total,1020,9197,15173929,1864970483179,199219276922,2064189760101
2017-02-05,LG3,Staff,21,66,36251,2559376592,383678224,2943054816
2017-02-05,LG3,TPG,93,887,1406502,143396630900,10842476465,154239107365
2017-02-05,LG3,RPG,39,349,359262,91802431692,11906652516,103709084208
2017-02-05,LG3,UG,211,1368,1695441,252552370260,26438074821,278990445081
2017-02-05,LG3,Alumni,14,53,98323,6345094498,328880282,6673974780
2017-02-05,LG3,Others(HKUST),1,3,4685,1476303187,74020441,1550323628
2017-02-05,LG3,Non-HKUST,9,96,82599,12377627199,1358874347,13736501546
2017-02-05,LG3,Total,388,2822,3683063,510509834328,51332657096,561842491424
2017-02-05,LG4,Staff,26,67,63269,2371492462,568604455,2940096917
2017-02-05,LG4,TPG,106,909,1367627,186403238824,14097522960,200500761784
2017-02-05,LG4,RPG,79,449,562736,287589019147,13136541811,300725560958
2017-02-05,LG4,UG,386,1548,1589069,197377995305,30180756097,227558751402
2017-02-05,LG4,Alumni,15,165,286198,16599707790,3471846719,20071554509
2017-02-05,LG4,Others(HKUST),5,76,232313,26431540126,1348187712,27779727838
2017-02-05,LG4,Non-HKUST,11,39,33352,7018544369,437792087,7456336456
2017-02-05,LG4,Total,628,3253,4134564,723791538023,63241251841,787032789864
2017-02-05,All-Floors,Staff,99,796,998990,80481634494,4358829749,84840464243
2017-02-05,All-Floors,TPG,298,5970,8949564,1280846128942,106389084171,1387235213113
2017-02-05,All-Floors,RPG,206,2103,2496225,655811108124,45909030755,701720138879
2017-02-05,All-Floors,UG,959,9620,13783881,1425612642692,207007560009,1632620202701
2017-02-05,All-Floors,Alumni,37,531,784028,65875079425,9398733978,75273813403
2017-02-05,All-Floors,Others(HKUST),8,220,1009051,43138939749,3844546594,46983486343
2017-02-05,All-Floors,Non-HKUST,36,258,282492,29936507924,4037280438,33973788362
2017-02-05,All-Floors,Total,1643,19498,28304231,3581702041350,380945065694,3962647107044
2017-02-06,1,Staff,73,1039,1347737,62919121877,6875463115,69794584992
2017-02-06,1,TPG,120,2299,2343579,363489620641,23926792412,387416413053
2017-02-06,1,RPG,30,350,446693,29614930668,2499435774,32114366442
2017-02-06,1,UG,343,3150,3172499,269110127838,35601750886,304711878724
2017-02-06,1,Alumni,2,23,24583,196467773,14538974,211006747
2017-02-06,1,Others(HKUST),5,10,4161,180686479,10316459,191002938
2017-02-06,1,Non-HKUST,10,121,71959,15645968581,1365898761,17011867342
2017-02-06,1,Total,583,6992,7411211,741156923857,70294196381,811451120238
2017-02-06,G,Staff,162,820,636460,62811649034,4114144634,66925793668
2017-02-06,G,TPG,379,2220,1253112,201725432553,19482496839,221207929392
2017-02-06,G,RPG,161,706,379186,49306813529,12270220658,61577034187
2017-02-06,G,UG,1510,7718,4386001,563773860410,48736553827,612510414237
2017-02-06,G,Alumni,5,20,3362,910853076,299332193,1210185269
2017-02-06,G,Others(HKUST),17,143,286860,3906867457,339416458,4246283915
2017-02-06,G,Non-HKUST,42,175,137377,10868615880,2476802606,13345418486
2017-02-06,G,Total,2276,11802,7082358,893304091939,87718967215,981023059154
2017-02-06,LG1,Staff,161,838,602090,27474984892,2649764928,30124749820
2017-02-06,LG1,TPG,460,3823,4251878,540609238163,40300129459,580909367622
2017-02-06,LG1,RPG,217,1609,1435159,206893789367,26704645586,233598434953
2017-02-06,LG1,UG,2026,17403,17203761,1670625664350,198379096725,1869004761075
2017-02-06,LG1,Alumni,9,36,61274,3971489340,102461610,4073950950
2017-02-06,LG1,Others(HKUST),14,90,518300,8317942595,1755414470,10073357065
2017-02-06,LG1,Non-HKUST,47,246,315750,22107399496,7644504344,29751903840
2017-02-06,LG1,Total,2934,24045,24388212,2480000508203,277536017122,2757536525325
2017-02-06,LG3,Staff,65,311,169452,10030085191,1374128004,11404213195
2017-02-06,LG3,TPG,220,2547,2343696,311672499334,28499786787,340172286121
2017-02-06,LG3,RPG,69,664,583915,33771008729,5281928257,39052936986
2017-02-06,LG3,UG,755,4922,4628921,459781885652,37871012036,497652897688
2017-02-06,LG3,Alumni,5,7,1313,124156097,10280897,134436994
2017-02-06,LG3,Others(HKUST),7,83,90466,2775123223,237792116,3012915339
2017-02-06,LG3,Non-HKUST,12,57,60175,5108067677,224721871,5332789548
2017-02-06,LG3,Total,1133,8591,7877938,823262825903,73499649968,896762475871
2017-02-06,LG4,Staff,165,547,242967,16902718465,2871922890,19774641355
2017-02-06,LG4,TPG,273,2825,3388942,570689517413,36878708280,607568225693
2017-02-06,LG4,RPG,200,838,816602,209489297122,15835340326,225324637448
2017-02-06,LG4,UG,1698,6981,5800722,861982476790,207380664709,1069363141499
2017-02-06,LG4,Alumni,7,35,100612,8300546594,266339968,8566886562
2017-02-06,LG4,Others(HKUST),16,288,326506,47252090800,3669035609,50921126409
2017-02-06,LG4,Non-HKUST,37,105,109690,3281430102,751582533,4033012635
2017-02-06,LG4,Total,2396,11619,10786041,1717898077286,267653594315,1985551671601
2017-02-06,All-Floors,Staff,407,3555,2998706,180138559459,17885423571,198023983030
2017-02-06,All-Floors,TPG,686,13714,13581207,1988186308104,149087913777,2137274221881
2017-02-06,All-Floors,RPG,447,4167,3661555,529075839415,62591570601,591667410016
2017-02-06,All-Floors,UG,3640,40174,35191904,3825274015040,527969078183,4353243093223
2017-02-06,All-Floors,Alumni,16,121,191144,13503512880,692953642,14196466522
2017-02-06,All-Floors,Others(HKUST),37,614,1226293,62432710554,6011975112,68444685666
2017-02-06,All-Floors,Non-HKUST,96,704,694951,57011481736,12463510115,69474991851
2017-02-06,All-Floors,Total,5329,63049,57545760,6655622427188,776702425001,7432324852189
2017-02-07,1,Staff,69,1082,1243807,20473445402,4530469073,25003914475
2017-02-07,1,TPG,123,2672,2769178,433928199560,41796814203,475725013763
2017-02-07,1,RPG,28,270,273975,21754299507,1977682471,23731981978
2017-02-07,1,UG,380,3400,2951265,321601034548,47912001596,369513036144
2017-02-07,1,Alumni,3,20,1810,821905673,77219608,899125281
2017-02-07,1,Others(HKUST),1,2,124,26056356,2040952,28097308
2017-02-07,1,Non-HKUST,18,158,111188,8222403130,7103357352,15325760482
2017-02-07,1,Total,622,7604,7351347,806827344176,103399585255,910226929431
2017-02-07,G,Staff,143,803,701755,51782548469,3442457056,55225005525
2017-02-07,G,TPG,364,1647,1014578,168228929572,14991457304,183220386876
2017-02-07,G,RPG,128,633,483676,32926641690,4193875763,37120517453
2017-02-07,G,UG,1430,7024,4346711,537247223446,75034646114,612281869560
2017-02-07,G,Alumni,9,160,181503,15248316785,781273863,16029590648
2017-02-07,G,Others(HKUST),8,67,369393,6720618314,915218714,7635837028
2017-02-07,G,Non-HKUST,49,187,73476,10375365381,1206033011,11581398392
2017-02-07,G,Total,2131,10521,7171092,822529643657,100564961825,923094605482
2017-02-07,LG1,Staff,152,681,392549,19152379870,5078906358,24231286228
2017-02-07,LG1,TPG,451,4254,4228168,403456368469,61798961480,465255329949
2017-02-07,LG1,RPG,222,1643,1476167,177630542814,18528776275,196159319089
2017-02-07,LG1,UG,2104,17715,16333119,1666501779054,260550102106,1927051881160
2017-02-07,LG1,Alumni,8,54,59732,4752870708,123303550,4876174258
2017-02-07,LG1,Others(HKUST),9,108,569692,7399877558,1730927922,9130805480
2017-02-07,LG1,Non-HKUST,48,228,303872,32648681445,3136560605,35785242050
2017-02-07,LG1,Total,2994,24683,23363299,2311542499918,350947538296,2662490038214
2017-02-07,LG3,Staff,81,377,198122,21577749191,1811947884,23389697075
2017-02-07,LG3,TPG,233,2539,2882161,317856838332,42403851323,360260689655
2017-02-07,LG3,RPG,81,685,808750,73620716232,6904868387,80525584619
2017-02-07,LG3,UG,754,4479,4070572,458731035818,41202949162,499933984980
2017-02-07,LG3,Alumni,1,2,1565,4731756000,34865711,4766621711
2017-02-07,LG3,Others(HKUST),6,62,11136,457062381,38539697,495602078
2017-02-07,LG3,Non-HKUST,13,62,85909,5018932446,656265580,5675198026
2017-02-07,LG3,Total,1169,8206,8058215,881994090400,93053287744,975047378144
2017-02-07,LG4,Staff,141,474,282458,22851620876,2376314132,25227935008
2017-02-07,LG4,TPG,285,3029,3471357,537214388207,108578619534,645793007741
2017-02-07,LG4,RPG,192,926,918815,90608436169,7784390103,98392826272
2017-02-07,LG4,UG,1704,7294,5207085,708279021241,60710290198,768989311439
2017-02-07,LG4,Alumni,4,23,36124,12962483387,643016123,13605499510
2017-02-07,LG4,Others(HKUST),17,252,294316,48230448492,3592271414,51822719906
2017-02-07,LG4,Non-HKUST,33,110,81638,33315536186,1770894684,35086430870
2017-02-07,LG4,Total,2376,12108,10291793,1453461934558,185455796188,1638917730746
2017-02-07,All-Floors,Staff,387,3417,2818691,135837743808,17240094503,153077838311
2017-02-07,All-Floors,TPG,683,14141,14365442,1860684724140,269569703844,2130254427984
2017-02-07,All-Floors,RPG,412,4157,3961383,396540636412,39389592999,435930229411
2017-02-07,All-Floors,UG,3726,39912,32908752,3692360094107,485409989176,4177770083283
2017-02-07,All-Floors,Alumni,15,259,280734,38517332553,1659678855,40177011408
2017-02-07,All-Floors,Others(HKUST),27,491,1244661,62834063101,6278998699,69113061800
2017-02-07,All-Floors,Non-HKUST,107,745,656083,89580918588,13873111232,103454029820
2017-02-07,All-Floors,Total,5357,63122,56235746,6276355512709,833421169308,7109776682017
2017-02-08,1,Staff,76,1264,1365046,36389048504,4180017472,40569065976
2017-02-08,1,TPG,139,2599,2792396,360664259478,46230101995,406894361473
2017-02-08,1,RPG,33,255,258536,24458531292,1563536474,26022067766
2017-02-08,1,UG,382,3527,3275074,255670117024,35031592683,290701709707
2017-02-08,1,Alumni,0,0,0,0,0,0
2017-02-08,1,Others(HKUST),2,11,57178,4363122524,235946873,4599069397
2017-02-08,1,Non-HKUST,9,64,35561,5567212847,455367930,6022580777
2017-02-08,1,Total,641,7720,7783791,687112291669,87696563427,774808855096
2017-02-08,G,Staff,134,788,658410,15867795322,2303428973,18171224295
2017-02-08,G,TPG,377,1756,1001746,118602309548,18554835585,137157145133
2017-02-08,G,RPG,154,723,470556,46987178063,3830462473,50817640536
2017-02-08,G,UG,1419,7489,4313678,487421738710,76769590466,564191329176
2017-02-08,G,Alumni,8,28,8219,20431099007,391333954,20822432961
2017-02-08,G,Others(HKUST),9,39,258256,369028106,194534359,563562465
2017-02-08,G,Non-HKUST,43,134,114657,5687731737,617053786,6304785523
2017-02-08,G,Total,2144,10957,6825522,695366880493,102661239596,798028120089
2017-02-08,LG1,Staff,161,910,511338,32525617521,5731447861,38257065382
2017-02-08,LG1,TPG,429,4274,4375817,456950730250,51226195970,508176926220
2017-02-08,LG1,RPG,240,1578,1256874,123997611196,28709068373,152706679569
2017-02-08,LG1,UG,2062,17626,16514961,1714441445607,240124083043,1954565528650
2017-02-08,LG1,Alumni,7,45,43762,10309460852,142665533,10452126385
2017-02-08,LG1,Others(HKUST),10,108,588052,13181072281,3517264646,16698336927
2017-02-08,LG1,Non-HKUST,43,232,215239,13187141897,2036897267,15224039164
2017-02-08,LG1,Total,2952,24773,23506043,2364593079604,331487622693,2696080702297
2017-02-08,LG3,Staff,85,329,181539,21493954216,1033624830,22527579046
2017-02-08,LG3,TPG,220,2273,2598666,246382965589,28038575221,274421540810
2017-02-08,LG3,RPG,79,628,596614,304611053703,8297231792,312908285495
2017-02-08,LG3,UG,748,4943,4579218,537606897836,44306249866,581913147702
2017-02-08,LG3,Alumni,6,15,6649,1483585251,67174692,1550759943
2017-02-08,LG3,Others(HKUST),8,88,72184,5855252376,310688438,6165940814
2017-02-08,LG3,Non-HKUST,13,48,35510,2798871038,161424286,2960295324
2017-02-08,LG3,Total,1159,8324,8070380,1120232580009,82214969125,1202447549134
2017-02-08,LG4,Staff,152,389,206387,14986424673,2592903531,17579328204
2017-02-08,LG4,TPG,262,2980,3644484,401567524349,35461254751,437028779100
2017-02-08,LG4,RPG,216,987,923671,73704358027,11388235222,85092593249
2017-02-08,LG4,UG,1661,6727,5381896,615895398660,49991330359,665886729019
2017-02-08,LG4,Alumni,9,88,92425,3729850101,226471847,3956321948
2017-02-08,LG4,Others(HKUST),13,276,240761,21042154025,3698261116,24740415141
2017-02-08,LG4,Non-HKUST,39,198,137386,4939712509,939622276,5879334785
2017-02-08,LG4,Total,2352,11645,10627010,1135865422344,104298079102,1240163501446
2017-02-08,All-Floors,Staff,395,3680,2922720,121262840236,15841422667,137104262903
2017-02-08,All-Floors,TPG,676,13882,14413109,1584167789214,179510963522,1763678752736
2017-02-08,All-Floors,RPG,455,4171,3506251,573758732281,53788534334,627547266615
2017-02-08,All-Floors,UG,3727,40312,34064827,3611035597837,446222846417,4057258444254
2017-02-08,All-Floors,Alumni,18,176,151055,35953995211,827646026,36781641237
2017-02-08,All-Floors,Others(HKUST),23,522,1216431,44810629312,7956695432,52767324744
2017-02-08,All-Floors,Non-HKUST,97,676,538353,32180670028,4210365545,36391035573
2017-02-08,All-Floors,Total,5391,63419,56812746,6003170254119,708358473943,6711528728062
2017-02-09,1,Staff,76,1292,1324162,36510832337,8728837407,45239669744
2017-02-09,1,TPG,138,2271,2687800,265631136629,17548820208,283179956837
2017-02-09,1,RPG,31,364,322974,22839828932,2405621604,25245450536
2017-02-09,1,UG,354,3141,3505358,316623935781,29747803258,346371739039
2017-02-09,1,Alumni,1,23,13575,11212047,7606507,18818554
2017-02-09,1,Others(HKUST),4,11,49332,3990956603,139649576,4130606179
2017-02-09,1,Non-HKUST,12,86,87530,1836337595,155924087,1992261682
2017-02-09,1,Total,616,7188,7990731,647444239924,58734262647,706178502571
2017-02-09,G,Staff,150,921,727942,24589316582,2951811347,27541127929
2017-02-09,G,TPG,391,2066,1219424,206314581751,32370985002,238685566753
2017-02-09,G,RPG,140,743,439038,105637793716,34243931994,139881725710
2017-02-09,G,UG,1334,6936,4172614,467572241238,42636900916,510209142154
2017-02-09,G,Alumni,11,39,16243,1558785995,104549315,1663335310
2017-02-09,G,Others(HKUST),7,89,271087,20440749785,4618982853,25059732638
2017-02-09,G,Non-HKUST,44,157,101849,5165477606,658322662,5823800268
2017-02-09,G,Total,2077,10951,6948197,831278946673,117585484089,948864430762
2017-02-09,LG1,Staff,214,1110,693370,49016676894,7548160803,56564837697
2017-02-09,LG1,TPG,466,4783,5047436,503240111439,46398318513,549638429952
2017-02-09,LG1,RPG,278,1850,1424540,104632874437,10946741660,115579616097
2017-02-09,LG1,UG,2036,17393,16068008,1906714858477,209909939034,2116624797511
2017-02-09,LG1,Alumni,9,50,52599,2768678032,621904464,3390582496
2017-02-09,LG1,Others(HKUST),12,80,601867,14206488997,5586002147,19792491144
2017-02-09,LG1,Non-HKUST,62,337,294509,29196587248,3361899618,32558486866
2017-02-09,LG1,Total,3077,25603,24182329,2609776275524,284372966239,2894149241763
2017-02-09,LG3,Staff,87,421,285536,16563874983,1771287449,18335162432
2017-02-09,LG3,TPG,203,2180,2784864,318967119205,28406431508,347373550713
2017-02-09,LG3,RPG,90,614,557618,259463829567,22562778064,282026607631
2017-02-09,LG3,UG,731,4740,4678528,635626503190,55969801550,691596304740
2017-02-09,LG3,Alumni,7,53,41602,810011252,2371766548,3181777800
2017-02-09,LG3,Others(HKUST),7,128,107737,3230706107,186988778,3417694885
2017-02-09,LG3,Non-HKUST,20,89,72388,6584864689,558270500,7143135189
2017-02-09,LG3,Total,1145,8225,8528273,1241246908993,111827324397,1353074233390
2017-02-09,LG4,Staff,130,368,127591,14532834010,1490329808,16023163818
2017-02-09,LG4,TPG,281,3497,3905374,775201687684,52601896670,827803584354
2017-02-09,LG4,RPG,172,932,953826,247787434879,9880551738,257667986617
2017-02-09,LG4,UG,1388,5663,5088342,611041143605,46608105375,657649248980
2017-02-09,LG4,Alumni,8,92,114654,6644819956,303745040,6948564996
2017-02-09,LG4,Others(HKUST),15,289,219227,18649891251,3472118480,22122009731
2017-02-09,LG4,Non-HKUST,35,200,172789,25626837849,2238879214,27865717063
2017-02-09,LG4,Total,2029,11041,10581803,1699484649234,116595626325,1816080275559
2017-02-09,All-Floors,Staff,411,4112,3158601,141213534806,22490426814,163703961620
2017-02-09,All-Floors,TPG,684,14797,15644898,2069354636708,177326451901,2246681088609
2017-02-09,All-Floors,RPG,462,4503,3697996,740361761531,80039625060,820401386591
2017-02-09,All-Floors,UG,3482,37873,33512850,3937578682291,384872550133,4322451232424
2017-02-09,All-Floors,Alumni,18,257,238673,11793507282,3409571874,15203079156
2017-02-09,All-Floors,Others(HKUST),28,597,1249250,60518792743,14003741834,74522534577
2017-02-09,All-Floors,Non-HKUST,106,869,729065,68410104987,6973296081,75383401068
2017-02-09,All-Floors,Total,5191,63008,58231333,7029231020348,689115663697,7718346684045
2017-02-10,1,Staff,69,932,1125383,69902897888,3421982474,73324880362
2017-02-10,1,TPG,92,1431,1977001,298291112146,22254989149,320546101295
2017-02-10,1,RPG,35,482,595224,201858677182,80202081366,282060758548
2017-02-10,1,UG,298,2620,2892913,305941659244,28008415245,333950074489
2017-02-10,1,Alumni,1,9,12694,12409801,8242583,20652384
2017-02-10,1,Others(HKUST),4,8,64080,2582467732,71099428,2653567160
2017-02-10,1,Non-HKUST,6,37,37525,3958060275,354774443,4312834718
2017-02-10,1,Total,505,5519,6704820,882547284268,134321584688,1016868868956
2017-02-10,G,Staff,123,829,772105,48691562725,4430322744,53121885469
2017-02-10,G,TPG,326,1570,895337,131850868262,13114617698,144965485960
2017-02-10,G,RPG,129,734,524928,45887850114,5529344529,51417194643
2017-02-10,G,UG,1206,6088,3761901,505886314687,47900351851,553786666538
2017-02-10,G,Alumni,9,90,95863,10425463879,2461198546,12886662425
2017-02-10,G,Others(HKUST),5,39,211822,1289153930,248144173,1537298103
2017-02-10,G,Non-HKUST,23,84,45637,14084281577,1117525456,15201807033
2017-02-10,G,Total,1821,9434,6307593,758115495174,74801504997,832917000171
2017-02-10,LG1,Staff,145,789,560372,46567981123,4177933307,50745914430
2017-02-10,LG1,TPG,420,3593,3791562,464910403979,42574731550,507485135529
2017-02-10,LG1,RPG,216,1321,1096875,196135508581,11500119139,207635627720
2017-02-10,LG1,UG,1798,13469,13315027,1647677564527,195638833425,1843316397952
2017-02-10,LG1,Alumni,3,8,21657,1354433839,62626305,1417060144
2017-02-10,LG1,Others(HKUST),6,80,574879,8802454010,2881759792,11684213802
2017-02-10,LG1,Non-HKUST,29,159,255934,17354300059,1986765961,19341066020
2017-02-10,LG1,Total,2617,19419,19616306,2382802646118,258822769479,2641625415597
2017-02-10,LG3,Staff,60,281,160745,7074934775,727775784,7802710559
2017-02-10,LG3,TPG,188,1700,2143390,381683117249,27535375252,409218492501
2017-02-10,LG3,RPG,75,701,795157,54608179410,7396989349,62005168759
2017-02-10,LG3,UG,617,3746,3638528,469554010116,41952906719,511506916835
2017-02-10,LG3,Alumni,1,13,11013,58089013,8465427,66554440
2017-02-10,LG3,Others(HKUST),4,36,46579,6950504348,191200343,7141704691
2017-02-10,LG3,Non-HKUST,10,60,63976,22419584494,877736970,23297321464
2017-02-10,LG3,Total,955,6537,6859388,942348419405,78690449844,1021038869249
2017-02-10,LG4,Staff,136,367,144094,12871179418,2321469822,15192649240
2017-02-10,LG4,TPG,231,2418,3018040,530403993649,44796762157,575200755806
2017-02-10,LG4,RPG,163,682,643145,72881443517,9308800245,82190243762
2017-02-10,LG4,UG,1214,4767,4155999,670747391966,46378211063,717125603029
2017-02-10,LG4,Alumni,6,20,29343,637238479,69399581,706638060
2017-02-10,LG4,Others(HKUST),13,227,241315,26176702090,1604679636,27781381726
2017-02-10,LG4,Non-HKUST,27,95,121771,3819873729,838175424,4658049153
2017-02-10,LG4,Total,1790,8576,8353707,1317537822848,105317497928,1422855320776
2017-02-10,All-Floors,Staff,348,3198,2762699,185108555929,15079484131,200188040060
2017-02-10,All-Floors,TPG,616,10712,11825330,1807139495285,150276475806,1957415971091
2017-02-10,All-Floors,RPG,402,3920,3655329,571371658804,113937334628,685308993432
2017-02-10,All-Floors,UG,3114,30690,27764368,3599806940540,359878718303,3959685658843
2017-02-10,All-Floors,Alumni,16,140,170570,12487635011,2609932442,15097567453
2017-02-10,All-Floors,Others(HKUST),24,390,1138675,45801282110,4996883372,50798165482
2017-02-10,All-Floors,Non-HKUST,64,435,524843,61636100134,5174978254,66811078388
2017-02-10,All-Floors,Total,4584,49485,47841814,6283351667813,651953806936,6935305474749
2017-02-11,1,Staff,17,297,407232,3693217798,392067399,4085285197
2017-02-11,1,TPG,63,1018,1357110,126148074012,12358189543,138506263555
2017-02-11,1,RPG,22,275,364793,70251970645,4450763626,74702734271
2017-02-11,1,UG,69,744,1127151,118070771450,15869505737,133940277187
2017-02-11,1,Alumni,8,102,151819,5063133580,388768223,5451901803
2017-02-11,1,Others(HKUST),0,0,0,0,0,0
2017-02-11,1,Non-HKUST,13,50,73611,4644779524,1167774126,5812553650
2017-02-11,1,Total,192,2486,3481716,327871947009,34627068654,362499015663
2017-02-11,G,Staff,42,352,333552,9478368306,1209310543,10687678849
2017-02-11,G,TPG,205,769,589252,86662724944,22601913503,109264638447
2017-02-11,G,RPG,74,307,322761,50758730813,5200027983,55958758796
2017-02-11,G,UG,262,1264,1452195,139967681022,15396255842,155363936864
2017-02-11,G,Alumni,27,158,177397,17557652075,1009156861,18566808936
2017-02-11,G,Others(HKUST),5,26,187096,776803670,221050874,997854544
2017-02-11,G,Non-HKUST,24,90,49154,3171311793,900232595,4071544388
2017-02-11,G,Total,639,2966,3111407,308373272623,46537948201,354911220824
2017-02-11,LG1,Staff,63,280,232405,16780584065,9682283927,26462867992
2017-02-11,LG1,TPG,298,2570,3309305,545120804511,38826263791,583947068302
2017-02-11,LG1,RPG,139,850,984243,172349871902,9695481775,182045353677
2017-02-11,LG1,UG,550,4800,7414931,656141731806,118268222317,774409954123
2017-02-11,LG1,Alumni,19,247,302682,69004248199,4481666992,73485915191
2017-02-11,LG1,Others(HKUST),6,91,600007,9749917249,2783665562,12533582811
2017-02-11,LG1,Non-HKUST,31,191,227345,28597409981,6827717529,35425127510
2017-02-11,LG1,Total,1106,9029,13070918,1497744567713,190565301893,1688309869606
2017-02-11,LG3,Staff,29,169,119826,15397830187,638824256,16036654443
2017-02-11,LG3,TPG,112,989,1453221,270452831780,15658697447,286111529227
2017-02-11,LG3,RPG,44,353,450021,45773116763,3587831742,49360948505
2017-02-11,LG3,UG,186,972,1249998,156530442409,11376770152,167907212561
2017-02-11,LG3,Alumni,8,55,75114,15933380728,5539974462,21473355190
2017-02-11,LG3,Others(HKUST),3,10,120,261777615,25087875,286865490
2017-02-11,LG3,Non-HKUST,13,78,87952,8374044764,333774097,8707818861
2017-02-11,LG3,Total,395,2626,3436252,512723424246,37160960031,549884384277
2017-02-11,LG4,Staff,42,89,102529,4075929153,446961231,4522890384
2017-02-11,LG4,TPG,152,1060,1614973,253646851945,28071348258,281718200203
2017-02-11,LG4,RPG,91,368,545801,95892998160,9029468519,104922466679
2017-02-11,LG4,UG,380,1289,1482925,219025217104,20960524733,239985741837
2017-02-11,LG4,Alumni,11,101,170629,17270088476,1588704349,18858792825
2017-02-11,LG4,Others(HKUST),2,155,355103,49051493802,2780977481,51832471283
2017-02-11,LG4,Non-HKUST,22,144,160645,12704833566,1879407107,14584240673
2017-02-11,LG4,Total,700,3206,4432605,651667412206,64757391678,716424803884
2017-02-11,All-Floors,Staff,133,1187,1195544,49425929509,12369447356,61795376865
2017-02-11,All-Floors,TPG,436,6406,8323861,1282031287192,117516412542,1399547699734
2017-02-11,All-Floors,RPG,242,2153,2667619,435026688283,31963573645,466990261928
2017-02-11,All-Floors,UG,961,9069,12727200,1289735843791,181871278781,1471607122572
2017-02-11,All-Floors,Alumni,38,663,877641,124828503058,13008270887,137836773945
2017-02-11,All-Floors,Others(HKUST),11,282,1142326,59839992336,5810781792,65650774128
2017-02-11,All-Floors,Non-HKUST,56,553,598707,57492379628,11108905454,68601285082
2017-02-11,All-Floors,Total,1877,20313,27532898,3298380623797,373648670457,3672029294254
2017-02-12,1,Staff,16,162,208433,5906033308,992795361,6898828669
2017-02-12,1,TPG,64,877,1355594,180530500685,14780528687,195311029372
2017-02-12,1,RPG,15,97,118525,4890978465,904585607,5795564072
2017-02-12,1,UG,74,587,1076873,93616312181,13656506063,107272818244
2017-02-12,1,Alumni,6,60,56413,3814704346,427770462,4242474808
2017-02-12,1,Others(HKUST),1,1,0,7197,2628,9825
2017-02-12,1,Non-HKUST,2,21,13684,1490744297,52964347,1543708644
2017-02-12,1,Total,178,1805,2829522,290249280479,30815153155,321064433634
2017-02-12,G,Staff,36,217,348790,19807117339,4435292757,24242410096
2017-02-12,G,TPG,168,806,493258,114299084856,7492506259,121791591115
2017-02-12,G,RPG,62,252,228878,24231204755,9001380524,33232585279
2017-02-12,G,UG,260,1495,1412624,174960323857,18075758632,193036082489
2017-02-12,G,Alumni,27,151,234044,36480508987,1840720932,38321229919
2017-02-12,G,Others(HKUST),3,10,215430,1148130987,214637312,1362768299
2017-02-12,G,Non-HKUST,22,87,74621,3616065060,1150489911,4766554971
2017-02-12,G,Total,578,3018,3007645,374542435841,42210786327,416753222168
2017-02-12,LG1,Staff,49,389,398300,34247412327,3603815941,37851228268
2017-02-12,LG1,TPG,294,2964,4752741,552247492265,56091931200,608339423465
2017-02-12,LG1,RPG,147,1113,1664684,356397042157,22637196821,379034238978
2017-02-12,LG1,UG,617,5874,9610750,944601499661,136798014714,1081399514375
2017-02-12,LG1,Alumni,23,182,237344,22819238179,3396642533,26215880712
2017-02-12,LG1,Others(HKUST),6,81,549060,6401579054,1866945311,8268524365
2017-02-12,LG1,Non-HKUST,35,213,399223,22738988690,4305121630,27044110320
2017-02-12,LG1,Total,1171,10816,17612102,1939453252333,228699668150,2168152920483
2017-02-12,LG3,Staff,24,109,131783,26747129303,2086703853,28833833156
2017-02-12,LG3,TPG,117,1622,2147655,250462439772,21489151260,271951591032
2017-02-12,LG3,RPG,43,277,452143,45504315365,3293509732,48797825097
2017-02-12,LG3,UG,179,973,1137996,123751899958,15807425712,139559325670
2017-02-12,LG3,Alumni,7,37,66578,885729112,90940383,976669495
2017-02-12,LG3,Others(HKUST),4,52,65672,4353037041,297818460,4650855501
2017-02-12,LG3,Non-HKUST,15,74,130803,6583530252,1371284282,7954814534
2017-02-12,LG3,Total,389,3144,4132630,458288080803,44436833682,502724914485
2017-02-12,LG4,Staff,31,72,66630,7545535200,3980057685,11525592885
2017-02-12,LG4,TPG,120,1105,1949941,283653338681,23995513358,307648852039
2017-02-12,LG4,RPG,90,303,415895,39943728842,3481171285,43424900127
2017-02-12,LG4,UG,323,1461,1698783,177640890267,27445682622,205086572889
2017-02-12,LG4,Alumni,14,216,377317,54806128543,4180349511,58986478054
2017-02-12,LG4,Others(HKUST),6,76,257735,17742836795,1568677469,19311514264
2017-02-12,LG4,Non-HKUST,14,60,69250,3727243358,654669019,4381912377
2017-02-12,LG4,Total,598,3293,4835551,585059701686,65306120949,650365822635
2017-02-12,All-Floors,Staff,101,949,1153936,94253227477,15098665597,109351893074
2017-02-12,All-Floors,TPG,363,7374,10699189,1381192856259,123849630764,1505042487023
2017-02-12,All-Floors,RPG,243,2042,2880125,470967269584,39317843969,510285113553
2017-02-12,All-Floors,UG,909,10390,14937026,1514570925924,211783387743,1726354313667
2017-02-12,All-Floors,Alumni,44,646,971696,118806309167,9936423821,128742732988
2017-02-12,All-Floors,Others(HKUST),10,220,1087897,29645591074,3948081180,33593672254
2017-02-12,All-Floors,Non-HKUST,58,455,687581,38156571657,7534529189,45691100846
2017-02-12,All-Floors,Total,1728,22076,32417450,3647592751142,411468562263,4059061313405
2017-02-13,1,Staff,78,1116,1199706,48785288032,10302756008,59088044040
2017-02-13,1,TPG,141,2525,3081132,311463904418,85514660549,396978564967
2017-02-13,1,RPG,24,369,309551,69121975731,3961360207,73083335938
2017-02-13,1,UG,445,3970,4043139,445026611128,35657455221,480684066349
2017-02-13,1,Alumni,2,14,14993,4082242209,186722883,4268965092
2017-02-13,1,Others(HKUST),5,25,14639,552407878,90941397,643349275
2017-02-13,1,Non-HKUST,19,187,113217,13526614994,14656331823,28182946817
2017-02-13,1,Total,714,8206,8776377,892559044390,150370228088,1042929272478
2017-02-13,G,Staff,169,1180,943843,21491776519,6731984180,28223760699
2017-02-13,G,TPG,416,1954,995586,253316952096,22356459394,275673411490
2017-02-13,G,RPG,157,752,473909,95601969260,15075996998,110677966258
2017-02-13,G,UG,1503,8262,4724980,708291917587,137690734053,845982651640
2017-02-13,G,Alumni,10,51,26726,1275839898,191417138,1467257036
2017-02-13,G,Others(HKUST),9,75,346795,3939441576,822974963,4762416539
2017-02-13,G,Non-HKUST,46,269,78267,9230078438,1283217417,10513295855
2017-02-13,G,Total,2310,12543,7590106,1093147975374,184152784143,1277300759517
2017-02-13,LG1,Staff,162,809,499762,56950000595,15941066045,72891066640
2017-02-13,LG1,TPG,482,4461,4993473,567643813548,74606050994,642249864542
2017-02-13,LG1,RPG,235,1539,1450930,258099812807,42808158023,300907970830
2017-02-13,LG1,UG,2271,18773,18386736,1996199390012,237906295716,2234105685728
2017-02-13,LG1,Alumni,10,102,99054,7923804666,498267080,8422071746
2017-02-13,LG1,Others(HKUST),13,98,574506,15289434919,1625541315,16914976234
2017-02-13,LG1,Non-HKUST,48,308,329771,20925193953,2557057970,23482251923
2017-02-13,LG1,Total,3221,26090,26334232,2923031450500,375942437143,3298973887643
2017-02-13,LG3,Staff,111,494,376566,21751723122,1466856201,23218579323
2017-02-13,LG3,TPG,232,2661,3044713,328858562573,26358632587,355217195160
2017-02-13,LG3,RPG,80,586,708670,45453261812,7953846450,53407108262
2017-02-13,LG3,UG,854,5232,4723814,571066235438,58839093515,629905328953
2017-02-13,LG3,Alumni,12,52,48724,12025722260,354466956,12380189216
2017-02-13,LG3,Others(HKUST),9,79,88373,1432778925,151197048,1583975973
2017-02-13,LG3,Non-HKUST,16,75,86797,7371566671,792821290,8164387961
2017-02-13,LG3,Total,1314,9179,9077657,987959850801,95916914047,1083876764848
2017-02-13,LG4,Staff,143,564,374353,24764940137,2879965892,27644906029
2017-02-13,LG4,TPG,278,3279,3861332,672144672462,62088751843,734233424305
2017-02-13,LG4,RPG,167,798,935970,178986588603,59911481411,238898070014
2017-02-13,LG4,UG,1515,7282,6766213,1086987602428,85141799433,1172129401861
2017-02-13,LG4,Alumni,8,78,125946,4029311486,358491301,4387802787
2017-02-13,LG4,Others(HKUST),12,218,213159,21029414933,1781595140,22811010073
2017-02-13,LG4,Non-HKUST,33,219,238873,16120060260,2225759845,18345820105
2017-02-13,LG4,Total,2156,12438,12515846,2004062590309,214387844865,2218450435174
2017-02-13,All-Floors,Staff,405,4163,3394230,173743728405,37322628326,211066356731
2017-02-13,All-Floors,TPG,723,14880,15976236,2133427905097,270924555367,2404352460464
2017-02-13,All-Floors,RPG,440,4044,3879030,647263608213,129710843089,776974451302
2017-02-13,All-Floors,UG,3760,43519,38644882,4807571756593,555235377938,5362807134531
2017-02-13,All-Floors,Alumni,24,297,315443,29336920519,1589365358,30926285877
2017-02-13,All-Floors,Others(HKUST),30,495,1237472,42243478231,4472249863,46715728094
2017-02-13,All-Floors,Non-HKUST,96,1058,846925,67173514316,21515188345,88688702661
2017-02-13,All-Floors,Total,5478,68456,64294218,7900760911374,1020770208286,8921531119660
2017-02-14,1,Staff,81,1240,1259029,34640613933,4126694531,38767308464
2017-02-14,1,TPG,122,2125,2601204,196776609707,18950440510,215727050217
2017-02-14,1,RPG,28,250,274758,20429901589,2159149471,22589051060
2017-02-14,1,UG,411,4294,4047545,395822695597,52873728352,448696423949
2017-02-14,1,Alumni,1,2,13791,164303211,4333086,168636297
2017-02-14,1,Others(HKUST),3,12,12119,2830427242,361027258,3191454500
2017-02-14,1,Non-HKUST,18,173,122653,40543705250,1386047801,41929753051
2017-02-14,1,Total,664,8096,8331099,691208256529,79861421009,771069677538
2017-02-14,G,Staff,160,1094,953742,17872817517,2737181394,20609998911
2017-02-14,G,TPG,371,1766,1001263,158582040891,18544016261,177126057152
2017-02-14,G,RPG,128,610,355439,32383828533,6776600096,39160428629
2017-02-14,G,UG,1420,7544,4457610,518625792440,59104134041,577729926481
2017-02-14,G,Alumni,6,57,70006,6022092675,1733906662,7755999337
2017-02-14,G,Others(HKUST),10,83,268135,3789262314,498794662,4288056976
2017-02-14,G,Non-HKUST,44,201,124844,8640273721,978980671,9619254392
2017-02-14,G,Total,2139,11355,7231039,745916108091,90373613787,836289721878
2017-02-14,LG1,Staff,148,688,418450,32326938832,1828535032,34155473864
2017-02-14,LG1,TPG,503,4921,5115829,527653774357,68997418097,596651192454
2017-02-14,LG1,RPG,210,1400,1242435,59211032093,10568416020,69779448113
2017-02-14,LG1,UG,2072,15721,15909187,1581366238391,174541103868,1755907342259
2017-02-14,LG1,Alumni,9,45,40416,7421834161,923598916,8345433077
2017-02-14,LG1,Others(HKUST),12,119,658875,16137118736,2382011053,18519129789
2017-02-14,LG1,Non-HKUST,61,266,323345,17754749642,3747816337,21502565979
2017-02-14,LG1,Total,3015,23160,23708537,2241871686212,262988899323,2504860585535
2017-02-14,LG3,Staff,79,392,314800,125509740751,2466604734,127976345485
2017-02-14,LG3,TPG,242,2662,2874625,356941918427,45843227776,402785146203
2017-02-14,LG3,RPG,67,598,483874,54882975597,6634630313,61517605910
2017-02-14,LG3,UG,682,4184,4201217,514906998034,39715644064,554622642098
2017-02-14,LG3,Alumni,7,38,30205,11092399161,643782325,11736181486
2017-02-14,LG3,Others(HKUST),7,56,35898,3815039564,109922978,3924962542
2017-02-14,LG3,Non-HKUST,15,62,96989,8501231530,400562705,8901794235
2017-02-14,LG3,Total,1099,7992,8037608,1075650303064,95814374895,1171464677959
2017-02-14,LG4,Staff,137,370,202081,8787617540,1375640994,10163258534
2017-02-14,LG4,TPG,284,3277,3680212,645224232184,142977812298,788202044482
2017-02-14,LG4,RPG,163,797,796653,115294519476,19434781770,134729301246
2017-02-14,LG4,UG,1462,6258,5370036,665178561036,192659113553,857837674589
2017-02-14,LG4,Alumni,6,21,10009,1352517285,778713821,2131231106
2017-02-14,LG4,Others(HKUST),10,273,197060,22198075041,3202917873,25400992914
2017-02-14,LG4,Non-HKUST,36,136,128359,15461030277,895317304,16356347581
2017-02-14,LG4,Total,2098,11132,10384410,1473496552839,361324297613,1834820850452
2017-02-14,All-Floors,Staff,383,3784,3148102,219137728573,12534656685,231672385258
2017-02-14,All-Floors,TPG,723,14751,15273133,1885178575566,295312914942,2180491490508
2017-02-14,All-Floors,RPG,411,3655,3153159,282202257288,45573577670,327775834958
2017-02-14,All-Floors,UG,3512,38001,33985595,3675900285498,518893723878,4194794009376
2017-02-14,All-Floors,Alumni,18,163,164427,26053146493,4084334810,30137481303
2017-02-14,All-Floors,Others(HKUST),27,543,1172087,48769922897,6554673824,55324596721
2017-02-14,All-Floors,Non-HKUST,110,838,796190,90900990420,7408724818,98309715238
2017-02-14,All-Floors,Total,5184,61735,57692693,6228142906735,890362606627,7118505513362
2017-02-15,1,Staff,84,1183,1232505,63873805733,5072301875,68946107608
2017-02-15,1,TPG,131,2554,3165435,282800751323,30150265583,312951016906
2017-02-15,1,RPG,30,317,416548,21515718201,3262225083,24777943284
2017-02-15,1,UG,425,3883,4196757,280511096635,36846206479,317357303114
2017-02-15,1,Alumni,4,6,2878,9063134,2697763,11760897
2017-02-15,1,Others(HKUST),5,17,62776,3312951040,194416695,3507367735
2017-02-15,1,Non-HKUST,12,122,77620,8124753209,478132779,8602885988
2017-02-15,1,Total,691,8082,9154519,660148139275,76006246257,736154385532
2017-02-15,G,Staff,166,968,883335,31758106795,3009004174,34767110969
2017-02-15,G,TPG,343,1949,1100712,136818931056,20088690967,156907622023
2017-02-15,G,RPG,144,779,494479,51286559712,5140716144,56427275856
2017-02-15,G,UG,1545,7494,4742043,689814900854,120155730481,809970631335
2017-02-15,G,Alumni,10,75,111151,23022492901,1397039173,24419532074
2017-02-15,G,Others(HKUST),7,65,253424,1018114620,341376812,1359491432
2017-02-15,G,Non-HKUST,50,137,133128,18612342018,901685241,19514027259
2017-02-15,G,Total,2265,11467,7718272,952331447956,151034242992,1103365690948
2017-02-15,LG1,Staff,169,713,471966,19572243028,1825016286,21397259314
2017-02-15,LG1,TPG,500,4904,5382174,504743063794,70899855285,575642919079
2017-02-15,LG1,RPG,264,1703,1608283,132915414955,19003366129,151918781084
2017-02-15,LG1,UG,2291,18101,18307339,1870784920440,270019654372,2140804574812
2017-02-15,LG1,Alumni,12,49,50204,33031271939,1982783466,35014055405
2017-02-15,LG1,Others(HKUST),14,178,681765,17958545613,2519956697,20478502310
2017-02-15,LG1,Non-HKUST,55,280,341235,33897170873,3895231117,37792401990
2017-02-15,LG1,Total,3305,25928,26842966,2612902630642,370145863352,2983048493994
2017-02-15,LG3,Staff,100,465,290144,15794859610,991705631,16786565241
2017-02-15,LG3,TPG,235,2579,2961043,322954971058,39528656583,362483627641
2017-02-15,LG3,RPG,88,564,473956,38752935914,5797856206,44550792120
2017-02-15,LG3,UG,803,5399,5184428,601258662573,57076483634,658335146207
2017-02-15,LG3,Alumni,7,61,102128,6094490256,379280628,6473770884
2017-02-15,LG3,Others(HKUST),7,75,39987,811891266,128674738,940566004
2017-02-15,LG3,Non-HKUST,25,84,94068,7910272128,532658125,8442930253
2017-02-15,LG3,Total,1265,9227,9145754,993578082805,104435315545,1098013398350
2017-02-15,LG4,Staff,145,398,244030,11336607673,1792891410,13129499083
2017-02-15,LG4,TPG,274,3404,4080809,466451195525,52088180030,518539375555
2017-02-15,LG4,RPG,215,1034,1130466,175556336813,14077601828,189633938641
2017-02-15,LG4,UG,1639,7638,6945129,818131409754,114602954464,932734364218
2017-02-15,LG4,Alumni,9,55,62365,16768415427,881032731,17649448158
2017-02-15,LG4,Others(HKUST),14,260,237467,14189403709,1153228735,15342632444
2017-02-15,LG4,Non-HKUST,37,189,272453,25832361812,4165277145,29997638957
2017-02-15,LG4,Total,2333,12978,12972719,1528265730713,188761166343,1717026897056
2017-02-15,All-Floors,Staff,413,3727,3121980,142335622839,12690919376,155026542215
2017-02-15,All-Floors,TPG,691,15390,16690173,1713768912756,212755648448,1926524561204
2017-02-15,All-Floors,RPG,485,4397,4123732,420026965595,47281765390,467308730985
2017-02-15,All-Floors,UG,3827,42515,39375696,4260500990256,598701029430,4859202019686
2017-02-15,All-Floors,Alumni,22,246,328726,78925733657,4642833761,83568567418
2017-02-15,All-Floors,Others(HKUST),30,595,1275419,37290906248,4337653677,41628559925
2017-02-15,All-Floors,Non-HKUST,115,812,918504,94376900040,9972984407,104349884447
2017-02-15,All-Floors,Total,5583,67682,65834230,6747226031391,890382834489,7637608865880
2017-02-16,1,Staff,79,920,1260058,46743671661,3149452534,49893124195
2017-02-16,1,TPG,142,2802,3439989,440133948437,24535320375,464669268812
2017-02-16,1,RPG,39,286,322328,19906682908,1876978169,21783661077
2017-02-16,1,UG,424,4134,4572584,454968715898,51961634310,506930350208
2017-02-16,1,Alumni,3,10,29710,875736773,207647402,1083384175
2017-02-16,1,Others(HKUST),4,8,1937,112637068,11369173,124006241
2017-02-16,1,Non-HKUST,14,99,64121,6138125524,494253654,6632379178
2017-02-16,1,Total,705,8259,9690727,968879518269,82236655617,1051116173886
2017-02-16,G,Staff,163,1158,839878,39790276313,12551617771,52341894084
2017-02-16,G,TPG,444,2375,1106751,310286989000,23087169110,333374158110
2017-02-16,G,RPG,145,772,318705,33815850125,5892495183,39708345308
2017-02-16,G,UG,1455,8063,4983867,673058348952,78230144644,751288493596
2017-02-16,G,Alumni,15,118,88587,3844847970,6917228807,10762076777
2017-02-16,G,Others(HKUST),11,112,273495,7491779342,2624450712,10116230054
2017-02-16,G,Non-HKUST,47,168,151937,12175008628,1552930525,13727939153
2017-02-16,G,Total,2280,12766,7763220,1080463100330,130856036752,1211319137082
2017-02-16,LG1,Staff,158,745,487546,29566042400,4096025606,33662068006
2017-02-16,LG1,TPG,507,5047,5219413,524503879398,53110577667,577614457065
2017-02-16,LG1,RPG,245,1619,1240758,102808960541,25267514045,128076474586
2017-02-16,LG1,UG,2248,18015,18908030,2023909512896,219091440279,2243000953175
2017-02-16,LG1,Alumni,15,38,37281,3429257067,288778877,3718035944
2017-02-16,LG1,Others(HKUST),15,186,779146,37437652431,15979416437,53417068868
2017-02-16,LG1,Non-HKUST,63,353,417124,27348697958,7588936635,34937634593
2017-02-16,LG1,Total,3251,26003,27089298,2749004002691,325422689546,3074426692237
2017-02-16,LG3,Staff,71,355,221161,22307479102,11099782534,33407261636
2017-02-16,LG3,TPG,249,2501,3282589,262328587142,44270397597,306598984739
2017-02-16,LG3,RPG,89,628,694833,48922677570,6412361212,55335038782
2017-02-16,LG3,UG,824,5459,4941017,768094699660,50345430705,818440130365
2017-02-16,LG3,Alumni,6,100,61445,1227571995,148317685,1375889680
2017-02-16,LG3,Others(HKUST),7,76,21222,1081029645,1294297264,2375326909
2017-02-16,LG3,Non-HKUST,18,88,89882,6711327616,397771556,7109099172
2017-02-16,LG3,Total,1264,9207,9312149,1110673372730,113968358553,1224641731283
2017-02-16,LG4,Staff,140,379,248363,8195830375,1123078057,9318908432
2017-02-16,LG4,TPG,358,4296,5052357,683179797340,67946105582,751125902922
2017-02-16,LG4,RPG,188,1041,1186469,154812695913,13800942778,168613638691
2017-02-16,LG4,UG,1602,7209,6329536,1103100676232,78739953478,1181840629710
2017-02-16,LG4,Alumni,13,114,120426,20222278350,1357115541,21579393891
2017-02-16,LG4,Others(HKUST),12,289,291282,24111501493,4684769431,28796270924
2017-02-16,LG4,Non-HKUST,42,156,162202,4526780295,985018566,5511798861
2017-02-16,LG4,Total,2355,13484,13390635,1998149559998,168636983433,2166786543431
2017-02-16,All-Floors,Staff,399,3557,3057006,146603299851,32019956502,178623256353
2017-02-16,All-Floors,TPG,760,17021,18101099,2220433201317,212949570331,2433382771648
2017-02-16,All-Floors,RPG,464,4346,3763093,360266867057,53250291387,413517158444
2017-02-16,All-Floors,UG,3700,42880,39735034,5023131953638,478368603416,5501500557054
2017-02-16,All-Floors,Alumni,25,380,337449,29599692155,8919088312,38518780467
2017-02-16,All-Floors,Others(HKUST),27,671,1367082,70234599979,24594303017,94828902996
2017-02-16,All-Floors,Non-HKUST,114,864,885266,56899940021,11018910936,67918850957
2017-02-16,All-Floors,Total,5489,69719,67246029,7907169554018,821120723901,8728290277919
2017-02-17,1,Staff,77,1105,1392768,113719780452,4789738347,118509518799
2017-02-17,1,TPG,117,2327,2882101,343011122942,25667388916,368678511858
2017-02-17,1,RPG,28,356,402661,26294203374,5138650886,31432854260
2017-02-17,1,UG,360,3127,3255148,373569528397,22179523391,395749051788
2017-02-17,1,Alumni,1,5,4717,607738,407527,1015265
2017-02-17,1,Others(HKUST),1,2,363,4083069,644699,4727768
2017-02-17,1,Non-HKUST,7,38,25732,3049086999,221868211,3270955210
2017-02-17,1,Total,591,6960,7963490,859648412971,57998221977,917646634948
2017-02-17,G,Staff,168,1136,846012,50967801083,6217268323,57185069406
2017-02-17,G,TPG,344,1729,980551,125510985582,23083326979,148594312561
2017-02-17,G,RPG,136,795,529784,63790531531,10342490987,74133022518
2017-02-17,G,UG,1234,6345,3890344,501474181212,60414459422,561888640634
2017-02-17,G,Alumni,8,101,65103,6540574765,635466434,7176041199
2017-02-17,G,Others(HKUST),13,113,337614,1360765229,7956666791,9317432020
2017-02-17,G,Non-HKUST,28,148,130685,11667898123,903961772,12571859895
2017-02-17,G,Total,1931,10367,6780093,761312737525,109553640708,870866378233
2017-02-17,LG1,Staff,161,726,562239,25210588539,4214347503,29424936042
2017-02-17,LG1,TPG,456,4358,5059337,618987174682,74704840123,693692014805
2017-02-17,LG1,RPG,224,1491,1271195,142958682116,14790783678,157749465794
2017-02-17,LG1,UG,1909,15040,15441560,1729184159521,196690402271,1925874561792
2017-02-17,LG1,Alumni,9,60,75871,11101853810,669206998,11771060808
2017-02-17,LG1,Others(HKUST),11,168,622122,14382806296,2385600162,16768406458
2017-02-17,LG1,Non-HKUST,44,222,369645,16518512960,2552415518,19070928478
2017-02-17,LG1,Total,2814,22065,23401969,2558343777924,296007596253,2854351374177
2017-02-17,LG3,Staff,98,258,107771,10277332338,884759911,11162092249
2017-02-17,LG3,TPG,219,2171,2622195,262788571768,39823763132,302612334900
2017-02-17,LG3,RPG,71,512,486586,54730063383,4734966848,59465030231
2017-02-17,LG3,UG,660,4116,4136611,519097376105,41341052285,560438428390
2017-02-17,LG3,Alumni,2,18,16373,512924218,22661334,535585552
2017-02-17,LG3,Others(HKUST),3,49,12694,227540131,42101475,269641606
2017-02-17,LG3,Non-HKUST,20,76,63632,11976492850,612442980,12588935830
2017-02-17,LG3,Total,1073,7200,7445862,859610300793,87461747965,947072048758
2017-02-17,LG4,Staff,160,482,376586,16732828250,1922362941,18655191191
2017-02-17,LG4,TPG,265,3548,4168689,603914591079,78798047075,682712638154
2017-02-17,LG4,RPG,187,682,737422,65267782966,14382243792,79650026758
2017-02-17,LG4,UG,1294,5689,5084801,870597666181,76891062708,947488728889
2017-02-17,LG4,Alumni,9,87,78741,1011131446,854358091,1865489537
2017-02-17,LG4,Others(HKUST),17,301,281991,27419520230,2054325262,29473845492
2017-02-17,LG4,Non-HKUST,18,86,62735,2605176372,354531933,2959708305
2017-02-17,LG4,Total,1950,10875,10790965,1587548696524,175256931802,1762805628326
2017-02-17,All-Floors,Staff,403,3707,3285376,216908330662,18028477025,234936807687
2017-02-17,All-Floors,TPG,659,14133,15712873,1954212446053,242077366225,2196289812278
2017-02-17,All-Floors,RPG,435,3836,3427648,353041263370,49389136191,402430399561
2017-02-17,All-Floors,UG,3241,34317,31808464,3993922911416,397516500077,4391439411493
2017-02-17,All-Floors,Alumni,14,271,240805,19167091977,2182100384,21349192361
2017-02-17,All-Floors,Others(HKUST),31,633,1254784,43394714955,12439338389,55834053344
2017-02-17,All-Floors,Non-HKUST,78,570,652429,45817167304,4645220414,50462387718
2017-02-17,All-Floors,Total,4861,57467,56382379,6626463925737,726278138705,7352742064442
2017-02-18,1,Staff,9,58,205631,2109140212,153779627,2262919839
2017-02-18,1,TPG,97,1834,2198902,236927883188,19958302044,256886185232
2017-02-18,1,RPG,18,148,288608,69219389145,1657739316,70877128461
2017-02-18,1,UG,113,1216,1883920,167296818444,12446669181,179743487625
2017-02-18,1,Alumni,5,54,70429,13826940763,816123091,14643063854
2017-02-18,1,Others(HKUST),1,5,1429,256633303,36167604,292800907
2017-02-18,1,Non-HKUST,2,3,11243,412334954,34956762,447291716
2017-02-18,1,Total,245,3318,4660162,490049140009,35103737625,525152877634
2017-02-18,G,Staff,46,202,223981,14651787744,933077487,15584865231
2017-02-18,G,TPG,297,1114,761745,134805254840,20358362347,155163617187
2017-02-18,G,RPG,82,358,261153,25546540895,2542006486,28088547381
2017-02-18,G,UG,331,1988,1806306,335581075209,30985218274,366566293483
2017-02-18,G,Alumni,29,124,141463,14125796646,7439445842,21565242488
2017-02-18,G,Others(HKUST),9,46,296167,1964858641,421149833,2386008474
2017-02-18,G,Non-HKUST,17,69,76335,4939128750,310460921,5249589671
2017-02-18,G,Total,811,3901,3567150,531614442725,62989721190,594604163915
2017-02-18,LG1,Staff,54,193,253197,17952298360,1164941867,19117240227
2017-02-18,LG1,TPG,375,3624,4932473,849731483671,72324254243,922055737914
2017-02-18,LG1,RPG,125,828,1206175,115115139143,12648523453,127763662596
2017-02-18,LG1,UG,731,6904,11335696,1221940723189,189927895442,1411868618631
2017-02-18,LG1,Alumni,25,204,356749,28786170634,4214043134,33000213768
2017-02-18,LG1,Others(HKUST),6,101,581043,4733358424,1624399975,6357758399
2017-02-18,LG1,Non-HKUST,35,229,381121,24005742548,4624706152,28630448700
2017-02-18,LG1,Total,1351,12083,19046454,2262264915969,286528764266,2548793680235
2017-02-18,LG3,Staff,28,57,31069,819744591,109141845,928886436
2017-02-18,LG3,TPG,162,1806,2259419,241871140122,32770935411,274642075533
2017-02-18,LG3,RPG,48,344,452765,65226061031,5279053738,70505114769
2017-02-18,LG3,UG,191,1164,1460780,231168823270,55200308262,286369131532
2017-02-18,LG3,Alumni,12,31,21601,1196226615,360451456,1556678071
2017-02-18,LG3,Others(HKUST),6,25,18511,450148144,50882469,501030613
2017-02-18,LG3,Non-HKUST,12,53,98014,5030391902,362209689,5392601591
2017-02-18,LG3,Total,459,3480,4342159,545762535675,94132982870,639895518545
2017-02-18,LG4,Staff,47,121,161535,7731783273,943889031,8675672304
2017-02-18,LG4,TPG,174,1624,2237930,233027252331,17611374969,250638627300
2017-02-18,LG4,RPG,114,488,681546,171608793509,10387455972,181996249481
2017-02-18,LG4,UG,387,1914,2572165,442473085434,32226600342,474699685776
2017-02-18,LG4,Alumni,19,221,328832,39842994742,6125932757,45968927499
2017-02-18,LG4,Others(HKUST),11,156,362310,45652828595,1923247384,47576075979
2017-02-18,LG4,Non-HKUST,22,88,164782,7224403350,1586954012,8811357362
2017-02-18,LG4,Total,774,4612,6509100,947561141234,70805454467,1018366595701
2017-02-18,All-Floors,Staff,129,631,875413,43264754180,3304829857,46569584037
2017-02-18,All-Floors,TPG,548,10002,12390469,1696363014152,163023229014,1859386243166
2017-02-18,All-Floors,RPG,260,2166,2890247,446715923723,32514778965,479230702688
2017-02-18,All-Floors,UG,1067,13186,19058867,2398460525546,320786691501,2719247217047
2017-02-18,All-Floors,Alumni,48,634,919074,97778129400,18955996280,116734125680
2017-02-18,All-Floors,Others(HKUST),20,333,1259460,53057827107,4055847265,57113674372
2017-02-18,All-Floors,Non-HKUST,59,442,731495,41612001504,6919287536,48531289040
2017-02-18,All-Floors,Total,2131,27394,38125025,4777252175612,549560660418,5326812836030
2017-02-19,1,Staff,15,100,213907,1133462559,75036464,1208499023
2017-02-19,1,TPG,82,1319,1951625,319962453507,46936718368,366899171875
2017-02-19,1,RPG,16,193,284123,18396224148,1879236984,20275461132
2017-02-19,1,UG,141,1424,2136199,185667385230,18098785778,203766171008
2017-02-19,1,Alumni,5,117,115795,3429089756,2254190132,5683279888
2017-02-19,1,Others(HKUST),1,1,0,61089563,2494831,63584394
2017-02-19,1,Non-HKUST,7,56,85973,6154594891,334398182,6488993073
2017-02-19,1,Total,267,3210,4787622,534804299654,69580860739,604385160393
2017-02-19,G,Staff,41,250,196985,30519333732,1306016700,31825350432
2017-02-19,G,TPG,169,933,752630,235760516205,252639276170,488399792375
2017-02-19,G,RPG,65,396,320193,49371331454,4460402915,53831734369
2017-02-19,G,UG,374,1956,1768379,184722331180,25421825876,210144157056
2017-02-19,G,Alumni,35,106,103908,8787124280,614058299,9401182579
2017-02-19,G,Others(HKUST),5,54,242273,1034015912,571836204,1605852116
2017-02-19,G,Non-HKUST,23,87,58229,4238670539,318659526,4557330065
2017-02-19,G,Total,712,3782,3442597,514433323302,285332075690,799765398992
2017-02-19,LG1,Staff,55,346,442093,40912550423,4452895906,45365446329
2017-02-19,LG1,TPG,288,3137,5228421,809762530740,79985865651,889748396391
2017-02-19,LG1,RPG,126,919,1373896,133692922183,11563232086,145256154269
2017-02-19,LG1,UG,955,9838,14615436,1113562946232,126542251353,1240105197585
2017-02-19,LG1,Alumni,27,219,299206,28718529154,3683221312,32401750466
2017-02-19,LG1,Others(HKUST),4,80,581723,15670828937,3106598954,18777427891
2017-02-19,LG1,Non-HKUST,39,290,462214,25850342506,3162795858,29013138364
2017-02-19,LG1,Total,1494,14829,23002989,2168170650175,232496861120,2400667511295
2017-02-19,LG3,Staff,27,157,115106,21498879397,1460612571,22959491968
2017-02-19,LG3,TPG,120,1230,2048351,252936691638,18205323523,271142015161
2017-02-19,LG3,RPG,44,337,485284,32029653267,5430045053,37459698320
2017-02-19,LG3,UG,281,1666,2304050,267057491568,24148993439,291206485007
2017-02-19,LG3,Alumni,14,97,138647,10807429661,686531104,11493960765
2017-02-19,LG3,Others(HKUST),2,15,28218,522017865,80857623,602875488
2017-02-19,LG3,Non-HKUST,20,140,102522,3468888205,284440993,3753329198
2017-02-19,LG3,Total,508,3642,5222178,588321051601,50296804306,638617855907
2017-02-19,LG4,Staff,38,82,180300,5684387431,1238882377,6923269808
2017-02-19,LG4,TPG,144,1516,2347473,276218788531,31062993955,307281782486
2017-02-19,LG4,RPG,102,405,614082,90839444892,7270932192,98110377084
2017-02-19,LG4,UG,412,2043,2852331,329725285923,32776506143,362501792066
2017-02-19,LG4,Alumni,22,325,487733,58389396467,6615983261,65005379728
2017-02-19,LG4,Others(HKUST),2,63,220703,21675212069,1615305653,23290517722
2017-02-19,LG4,Non-HKUST,22,128,211183,12229946209,3432090587,15662036796
2017-02-19,LG4,Total,742,4562,6913805,794762461522,84012694168,878775155690
2017-02-19,All-Floors,Staff,116,935,1148391,99748613542,8533444018,108282057560
2017-02-19,All-Floors,TPG,390,8135,12328500,1894640980621,428830177667,2323471158288
2017-02-19,All-Floors,RPG,232,2250,3077578,324329575944,30603849230,354933425174
2017-02-19,All-Floors,UG,1262,16927,23676395,2080735440133,226988362589,2307723802722
2017-02-19,All-Floors,Alumni,52,864,1145289,110131569318,13853984108,123985553426
2017-02-19,All-Floors,Others(HKUST),8,213,1072917,38963164346,5377093265,44340257611
2017-02-19,All-Floors,Non-HKUST,66,701,920121,51942442350,7532385146,59474827496
2017-02-19,All-Floors,Total,2126,30025,43369191,4600491786254,721719296023,5322211082277
2017-02-20,1,Staff,85,938,1162096,64025121960,5859392163,69884514123
2017-02-20,1,TPG,158,2839,3622135,370336822838,27515728497,397852551335
2017-02-20,1,RPG,37,369,586563,105819069499,7812347455,113631416954
2017-02-20,1,UG,499,4866,4885443,440516817196,44433290949,484950108145
2017-02-20,1,Alumni,0,0,0,0,0,0
2017-02-20,1,Others(HKUST),2,4,237,312109691,7780632,319890323
2017-02-20,1,Non-HKUST,14,161,124697,19611702937,767858404,20379561341
2017-02-20,1,Total,795,9177,10381171,1000621644121,86396398100,1087018042221
2017-02-20,G,Staff,173,1178,817060,30618615025,4264452578,34883067603
2017-02-20,G,TPG,439,2170,1268781,229408262918,32071173545,261479436463
2017-02-20,G,RPG,152,843,515201,53893438511,12133216819,66026655330
2017-02-20,G,UG,1594,8183,5456103,684281760634,124458483551,808740244185
2017-02-20,G,Alumni,7,19,4187,196881297,21171376,218052673
2017-02-20,G,Others(HKUST),12,122,312675,1684126002,414050902,2098176904
2017-02-20,G,Non-HKUST,33,127,106054,19185083119,6377177686,25562260805
2017-02-20,G,Total,2410,12642,8480061,1019268167506,179739726457,1199007893963
2017-02-20,LG1,Staff,163,972,592183,28073295385,6476652533,34549947918
2017-02-20,LG1,TPG,507,4546,4682991,523933329061,62555679473,586489008534
2017-02-20,LG1,RPG,266,1809,1629994,162329700415,18903013178,181232713593
2017-02-20,LG1,UG,2531,21727,22468674,2139536351484,349927140546,2489463492030
2017-02-20,LG1,Alumni,11,138,128709,19281760038,5071848456,24353608494
2017-02-20,LG1,Others(HKUST),15,120,649749,15889392986,4668359606,20557752592
2017-02-20,LG1,Non-HKUST,61,390,445435,46034051645,10628982938,56663034583
2017-02-20,LG1,Total,3554,29702,30597735,2935077881014,458231676730,3393309557744
2017-02-20,LG3,Staff,102,476,354339,17041197832,2438153237,19479351069
2017-02-20,LG3,TPG,257,2792,3393091,359767683865,34965876651,394733560516
2017-02-20,LG3,RPG,80,625,662415,27408603644,5182721942,32591325586
2017-02-20,LG3,UG,936,6146,6098308,634271631715,73640496185,707912127900
2017-02-20,LG3,Alumni,4,13,21253,789378849,70553209,859932058
2017-02-20,LG3,Others(HKUST),8,62,21535,1055214503,2834161514,3889376017
2017-02-20,LG3,Non-HKUST,20,129,117491,9270299385,571076377,9841375762
2017-02-20,LG3,Total,1407,10243,10668432,1049604009793,119703039115,1169307048908
2017-02-20,LG4,Staff,148,477,353333,11490203521,4835941595,16326145116
2017-02-20,LG4,TPG,351,4913,5061044,665462284739,60512188579,725974473318
2017-02-20,LG4,RPG,217,1095,1249993,97394825401,21191871828,118586697229
2017-02-20,LG4,UG,1799,9552,8603065,1094648892972,215809587682,1310458480654
2017-02-20,LG4,Alumni,8,63,94616,2724096228,489081849,3213178077
2017-02-20,LG4,Others(HKUST),11,261,261078,24991145064,7254480895,32245625959
2017-02-20,LG4,Non-HKUST,39,196,189497,10927637968,1296266537,12223904505
2017-02-20,LG4,Total,2573,16557,15812626,1907639085893,311389418965,2219028504858
2017-02-20,All-Floors,Staff,421,4041,3279011,151248433723,23874592106,175123025829
2017-02-20,All-Floors,TPG,796,17260,18028042,2148908383421,217620646745,2366529030166
2017-02-20,All-Floors,RPG,483,4741,4644166,446845637470,65223171222,512068808692
2017-02-20,All-Floors,UG,4028,50474,47511593,4993255454001,808268998913,5801524452914
2017-02-20,All-Floors,Alumni,18,233,248765,22992116412,5652654890,28644771302
2017-02-20,All-Floors,Others(HKUST),30,569,1245274,43931988246,15178833549,59110821795
2017-02-20,All-Floors,Non-HKUST,105,1003,983174,105028775054,19641361942,124670136996
2017-02-20,All-Floors,Total,5881,78321,75940025,7912210788327,1155460259367,9067671047694
2017-02-21,1,Staff,69,1054,1042916,26805525407,3070679269,29876204676
2017-02-21,1,TPG,150,2653,3064730,311542936975,41211252266,352754189241
2017-02-21,1,RPG,32,405,559190,58625181478,7276072553,65901254031
2017-02-21,1,UG,508,4700,5415667,393543378555,72418500317,465961878872
2017-02-21,1,Alumni,1,6,240,6107891,240601,6348492
2017-02-21,1,Others(HKUST),4,4,123,16838755,3353480,20192235
2017-02-21,1,Non-HKUST,18,135,98129,11241452926,2674327009,13915779935
2017-02-21,1,Total,782,8957,10180995,801781421987,126654425495,928435847482
2017-02-21,G,Staff,149,956,687221,18422534153,2259626973,20682161126
2017-02-21,G,TPG,438,2457,1242682,172652007684,30460190609,203112198293
2017-02-21,G,RPG,184,904,506955,77157537034,12152805038,89310342072
2017-02-21,G,UG,1724,9040,5667670,676925362428,127338925887,804264288315
2017-02-21,G,Alumni,5,89,67594,499486356,76434216,575920572
2017-02-21,G,Others(HKUST),12,93,292761,1133644143,377850903,1511495046
2017-02-21,G,Non-HKUST,41,235,157222,26214599014,3075217292,29289816306
2017-02-21,G,Total,2553,13774,8622105,973005170812,175741050918,1148746221730
2017-02-21,LG1,Staff,173,922,698300,56369201926,11129804525,67499006451
2017-02-21,LG1,TPG,564,4730,5107931,455721398324,49783010645,505504408969
2017-02-21,LG1,RPG,225,1419,1114398,114719256448,11705869083,126425125531
2017-02-21,LG1,UG,2557,21572,22149395,1864760694960,293658138697,2158418833657
2017-02-21,LG1,Alumni,4,18,30266,997675775,383541388,1381217163
2017-02-21,LG1,Others(HKUST),15,141,647796,17740923767,1393830543,19134754310
2017-02-21,LG1,Non-HKUST,70,410,460446,61763385909,7728437951,69491823860
2017-02-21,LG1,Total,3608,29212,30208532,2572072537109,375782632832,2947855169941
2017-02-21,LG3,Staff,95,430,344345,21138501046,3638670714,24777171760
2017-02-21,LG3,TPG,263,2522,2926113,261971886167,51956950902,313928837069
2017-02-21,LG3,RPG,86,592,668286,31464666617,5004074768,36468741385
2017-02-21,LG3,UG,888,5717,5699874,723217397093,56091847735,779309244828
2017-02-21,LG3,Alumni,4,23,7555,751435441,49808755,801244196
2017-02-21,LG3,Others(HKUST),5,52,8662,109528664,11783640,121312304
2017-02-21,LG3,Non-HKUST,24,72,99090,5758355046,596717254,6355072300
2017-02-21,LG3,Total,1365,9408,9753925,1044411770074,117349853768,1161761623842
2017-02-21,LG4,Staff,180,520,449298,18399161084,2903861411,21303022495
2017-02-21,LG4,TPG,361,4873,5682803,798965835587,70617541570,869583377157
2017-02-21,LG4,RPG,261,1215,1061819,116235630377,10664568798,126900199175
2017-02-21,LG4,UG,1881,9367,8284346,909195063564,84928989662,994124053226
2017-02-21,LG4,Alumni,7,16,11239,686736314,38299065,725035379
2017-02-21,LG4,Others(HKUST),15,245,305458,27807880575,2398944690,30206825265
2017-02-21,LG4,Non-HKUST,50,228,291494,18647781223,2175929816,20823711039
2017-02-21,LG4,Total,2755,16464,16086457,1889938088724,173728135012,2063666223736
2017-02-21,All-Floors,Staff,420,3882,3222080,141134923616,23002642892,164137566508
2017-02-21,All-Floors,TPG,811,17235,18024259,2000854064737,244028945992,2244883010729
2017-02-21,All-Floors,RPG,513,4535,3910648,398202271954,46803390240,445005662194
2017-02-21,All-Floors,UG,4199,50396,47216952,4567641896600,634436402298,5202078298898
2017-02-21,All-Floors,Alumni,12,152,116894,2941441777,548324025,3489765802
2017-02-21,All-Floors,Others(HKUST),30,535,1254800,46808815904,4185763256,50994579160
2017-02-21,All-Floors,Non-HKUST,111,1080,1106381,123625574118,16250629322,139876203440
2017-02-21,All-Floors,Total,6096,77815,74852014,7281208988706,969256098025,8250465086731
2017-02-22,1,Staff,85,1246,1276242,45504982733,2864457579,48369440312
2017-02-22,1,TPG,177,3213,4153692,427031864148,30520610693,457552474841
2017-02-22,1,RPG,36,460,534629,49308059641,8181173939,57489233580
2017-02-22,1,UG,509,4714,5026830,429743933974,48848660898,478592594872
2017-02-22,1,Alumni,1,1,0,1564651,474229,2038880
2017-02-22,1,Others(HKUST),4,5,247,78452372,5023647,83476019
2017-02-22,1,Non-HKUST,16,85,66431,16660225359,700213218,17360438577
2017-02-22,1,Total,828,9724,11058071,968329082878,91120614203,1059449697081
2017-02-22,G,Staff,151,1344,796856,53722894886,4681309413,58404204299
2017-02-22,G,TPG,427,2504,1400007,220368903004,27619235013,247988138017
2017-02-22,G,RPG,161,785,359750,51397962127,5836948132,57234910259
2017-02-22,G,UG,1680,9310,5514503,782633104004,102018503202,884651607206
2017-02-22,G,Alumni,12,137,94568,1216079229,115892827,1331972056
2017-02-22,G,Others(HKUST),13,346,678478,21341427360,2253552153,23594979513
2017-02-22,G,Non-HKUST,22,89,46544,11041323376,482754175,11524077551
2017-02-22,G,Total,2466,14515,8890706,1141721693986,143008194915,1284729888901
2017-02-22,LG1,Staff,170,869,600439,28707606207,3526420394,32234026601
2017-02-22,LG1,TPG,532,4769,5001213,463888232261,51408828631,515297060892
2017-02-22,LG1,RPG,271,1632,1467842,122336982992,10549385446,132886368438
2017-02-22,LG1,UG,2674,22518,23333903,2345293751523,295468333951,2640762085474
2017-02-22,LG1,Alumni,5,62,52854,2254340913,170062172,2424403085
2017-02-22,LG1,Others(HKUST),15,147,660044,6919682644,1646238360,8565921004
2017-02-22,LG1,Non-HKUST,59,304,285074,28986455896,2085416094,31071871990
2017-02-22,LG1,Total,3726,30301,31401369,2998387052436,364854685048,3363241737484
2017-02-22,LG3,Staff,81,327,239225,10566460085,800409440,11366869525
2017-02-22,LG3,TPG,251,2480,3179718,241115688210,38626582256,279742270466
2017-02-22,LG3,RPG,82,683,722800,103540451261,8865265343,112405716604
2017-02-22,LG3,UG,906,6368,5904040,830570872511,63044998354,893615870865
2017-02-22,LG3,Alumni,4,20,38131,3172568341,145712635,3318280976
2017-02-22,LG3,Others(HKUST),5,47,6476,54461780,11817688,66279468
2017-02-22,LG3,Non-HKUST,19,85,100428,8128412998,488027088,8616440086
2017-02-22,LG3,Total,1348,10010,10190818,1197148915186,111982812804,1309131727990
2017-02-22,LG4,Staff,131,478,371298,27732479310,3192616651,30925095961
2017-02-22,LG4,TPG,325,4770,5802821,835334043624,67048329929,902382373553
2017-02-22,LG4,RPG,211,1235,930404,323598891004,20887245158,344486136162
2017-02-22,LG4,UG,1906,9887,9119942,1114142362025,102228813857,1216371175882
2017-02-22,LG4,Alumni,8,121,101968,13140296359,13084830159,26225126518
2017-02-22,LG4,Others(HKUST),14,232,200351,21122526837,2813488427,23936015264
2017-02-22,LG4,Non-HKUST,27,203,178794,15361326877,2123684819,17485011696
2017-02-22,LG4,Total,2622,16926,16705578,2350431926036,211379009000,2561810935036
2017-02-22,All-Floors,Staff,388,4264,3284060,166234423221,15065213477,181299636698
2017-02-22,All-Floors,TPG,769,17736,19537451,2187738731247,215223586522,2402962317769
2017-02-22,All-Floors,RPG,491,4795,4015425,650182347025,54320018018,704502365043
2017-02-22,All-Floors,UG,4206,52797,48899218,5502384024037,611609310262,6113993334299
2017-02-22,All-Floors,Alumni,14,341,287521,19784849493,13516972022,33301821515
2017-02-22,All-Floors,Others(HKUST),34,777,1545596,49516550993,6730120275,56246671268
2017-02-22,All-Floors,Non-HKUST,88,766,677271,80177744506,5880095394,86057839900
2017-02-22,All-Floors,Total,5990,81476,78246542,8656018670522,922345315970,9578363986492
2017-02-23,1,Staff,80,1220,1190797,57960938780,3977398922,61938337702
2017-02-23,1,TPG,145,2747,3483488,296455207872,31609941237,328065149109
2017-02-23,1,RPG,29,329,414528,26065190781,1602528515,27667719296
2017-02-23,1,UG,449,4399,4982814,483001777873,91432709052,574434486925
2017-02-23,1,Alumni,1,6,8752,4414881,1348911,5763792
2017-02-23,1,Others(HKUST),2,5,745,58413732,2641848,61055580
2017-02-23,1,Non-HKUST,22,134,109702,15698248416,751684561,16449932977
2017-02-23,1,Total,728,8840,10190826,879244192335,129378253046,1008622445381
2017-02-23,G,Staff,160,1056,898535,32191618107,3501232562,35692850669
2017-02-23,G,TPG,451,2198,1352164,200752045116,22711664253,223463709369
2017-02-23,G,RPG,146,634,325656,66719263135,16823178262,83542441397
2017-02-23,G,UG,1671,8951,5449061,679882881092,74285511964,754168393056
2017-02-23,G,Alumni,10,143,119406,1844421497,135661619,1980083116
2017-02-23,G,Others(HKUST),9,504,700260,205841316733,7804464612,213645781345
2017-02-23,G,Non-HKUST,35,165,130298,8765414638,1145854649,9911269287
2017-02-23,G,Total,2482,13651,8975380,1195996960318,126407567921,1322404528239
2017-02-23,LG1,Staff,163,690,553738,25744301667,2853844310,28598145977
2017-02-23,LG1,TPG,526,4787,5166959,485568147423,48851769425,534419916848
2017-02-23,LG1,RPG,225,1595,1215957,116730830285,15260732437,131991562722
2017-02-23,LG1,UG,2513,21498,22194704,2142145006208,255586347297,2397731353505
2017-02-23,LG1,Alumni,9,35,37258,3458515633,105427337,3563942970
2017-02-23,LG1,Others(HKUST),13,141,749752,11824842896,4193037676,16017880572
2017-02-23,LG1,Non-HKUST,65,392,512054,27199987091,5865533010,33065520101
2017-02-23,LG1,Total,3514,29138,30430422,2812671631203,332716691492,3145388322695
2017-02-23,LG3,Staff,76,346,284672,27392194214,2144104870,29536299084
2017-02-23,LG3,TPG,258,2467,2983565,269567543751,22463426852,292030970603
2017-02-23,LG3,RPG,90,515,563191,62764395188,5812702909,68577098097
2017-02-23,LG3,UG,931,5889,5548494,840231018097,82989570008,923220588105
2017-02-23,LG3,Alumni,4,86,47271,25932115267,1706069771,27638185038
2017-02-23,LG3,Others(HKUST),4,40,8303,192544282,39619801,232164083
2017-02-23,LG3,Non-HKUST,30,184,152114,23053329345,1425916138,24479245483
2017-02-23,LG3,Total,1393,9527,9587610,1249133140144,116581410349,1365714550493
2017-02-23,LG4,Staff,130,473,321272,34060530744,2202645106,36263175850
2017-02-23,LG4,TPG,351,5033,6079743,624256009072,83894616723,708150625795
2017-02-23,LG4,RPG,201,1184,1196893,213226883438,21440893340,234667776778
2017-02-23,LG4,UG,1863,9162,8853632,1026411003017,93121408255,1119532411272
2017-02-23,LG4,Alumni,7,37,12909,12602795,5462510,18065305
2017-02-23,LG4,Others(HKUST),12,220,165655,15600789343,1507456787,17108246130
2017-02-23,LG4,Non-HKUST,43,148,148852,8295402095,1403914092,9699316187
2017-02-23,LG4,Total,2607,16257,16778956,1921863220504,203576396813,2125439617317
2017-02-23,All-Floors,Staff,383,3785,3249014,177349583512,14679225770,192028809282
2017-02-23,All-Floors,TPG,767,17232,19065919,1876598953234,209531418490,2086130371724
2017-02-23,All-Floors,RPG,443,4257,3716225,485506562827,60940035463,546446598290
2017-02-23,All-Floors,UG,4083,49899,47028705,5171671686287,597415546576,5769087232863
2017-02-23,All-Floors,Alumni,14,307,225596,31252070073,1953970148,33206040221
2017-02-23,All-Floors,Others(HKUST),24,910,1624715,233517906986,13547220724,247065127710
2017-02-23,All-Floors,Non-HKUST,112,1023,1053020,83012381585,10592902450,93605284035
2017-02-23,All-Floors,Total,5826,77413,75963194,8058909144504,908660319621,8967569464125
2017-02-24,1,Staff,75,1050,1179994,42126547577,5122619329,47249166906
2017-02-24,1,TPG,149,2730,3221028,339124606740,37130669823,376255276563
2017-02-24,1,RPG,29,382,589361,68101431248,4787980861,72889412109
2017-02-24,1,UG,420,3965,4103120,361769145790,53329847316,415098993106
2017-02-24,1,Alumni,4,11,30548,223077467,107340118,330417585
2017-02-24,1,Others(HKUST),7,10,1215,40833317,6688293,47521610
2017-02-24,1,Non-HKUST,6,85,56388,5306392863,2642918806,7949311669
2017-02-24,1,Total,690,8233,9181654,816692035002,103128064546,919820099548
2017-02-24,G,Staff,156,974,755034,15210584096,2577859299,17788443395
2017-02-24,G,TPG,361,1675,1034738,169345129857,16073614233,185418744090
2017-02-24,G,RPG,123,600,352333,47995731876,4872779145,52868511021
2017-02-24,G,UG,1360,6530,4430172,531586873376,76589115470,608175988846
2017-02-24,G,Alumni,15,101,64103,1351558046,143051763,1494609809
2017-02-24,G,Others(HKUST),9,105,389670,1013932942,432224950,1446157892
2017-02-24,G,Non-HKUST,27,116,68555,8395051955,777781214,9172833169
2017-02-24,G,Total,2051,10101,7094605,774898862148,101466426074,876365288222
2017-02-24,LG1,Staff,155,722,475983,35520277558,3550699208,39070976766
2017-02-24,LG1,TPG,511,4421,4750418,484713168143,55123439385,539836607528
2017-02-24,LG1,RPG,206,1077,897211,76825042192,15205848168,92030890360
2017-02-24,LG1,UG,2216,17728,19812468,2250666063254,247456467464,2498122530718
2017-02-24,LG1,Alumni,10,45,53942,3431427738,232441627,3663869365
2017-02-24,LG1,Others(HKUST),14,162,953422,16523022598,4216598721,20739621319
2017-02-24,LG1,Non-HKUST,52,207,342263,24334921625,10474401712,34809323337
2017-02-24,LG1,Total,3164,24362,27285707,2892013923108,336259896285,3228273819393
2017-02-24,LG3,Staff,86,376,223835,13318919635,1799885099,15118804734
2017-02-24,LG3,TPG,229,2343,2889001,253100671867,35374265496,288474937363
2017-02-24,LG3,RPG,69,460,535788,98863097587,4272527561,103135625148
2017-02-24,LG3,UG,760,4760,4695544,565671107295,52664216467,618335323762
2017-02-24,LG3,Alumni,7,34,20425,2349443680,104751095,2454194775
2017-02-24,LG3,Others(HKUST),7,75,27791,1256676847,124477674,1381154521
2017-02-24,LG3,Non-HKUST,16,94,61823,14065473015,699805592,14765278607
2017-02-24,LG3,Total,1174,8142,8454207,948625389926,95039928984,1043665318910
2017-02-24,LG4,Staff,156,492,321908,14834608990,2500612049,17335221039
2017-02-24,LG4,TPG,318,3597,4563913,706286425410,67584251716,773870677126
2017-02-24,LG4,RPG,190,951,837131,179953985682,16335001674,196288987356
2017-02-24,LG4,UG,1608,7464,7140601,822851660225,80019232118,902870892343
2017-02-24,LG4,Alumni,10,109,133745,7132319174,964926531,8097245705
2017-02-24,LG4,Others(HKUST),13,165,157555,13377998924,1333713065,14711711989
2017-02-24,LG4,Non-HKUST,26,124,92105,20973407042,4534544972,25507952014
2017-02-24,LG4,Total,2321,12902,13246958,1765410405447,173272282125,1938682687572
2017-02-24,All-Floors,Staff,389,3614,2956754,121010937856,15551674984,136562612840
2017-02-24,All-Floors,TPG,711,14766,16459098,1952570002017,211286240653,2163856242670
2017-02-24,All-Floors,RPG,405,3470,3211824,471739288585,45474137409,517213425994
2017-02-24,All-Floors,UG,3649,40447,40181905,4532544849940,510058878835,5042603728775
2017-02-24,All-Floors,Alumni,20,300,302763,14487826105,1552511134,16040337239
2017-02-24,All-Floors,Others(HKUST),28,517,1529653,32212464628,6113702703,38326167331
2017-02-24,All-Floors,Non-HKUST,85,626,621134,73075246500,19129452296,92204698796
2017-02-24,All-Floors,Total,5287,63740,65263131,7197640615631,809166598014,8006807213645
2017-02-25,1,Staff,18,219,431921,4107116969,370134080,4477251049
2017-02-25,1,TPG,102,1572,2404462,215023390649,14765137384,229788528033
2017-02-25,1,RPG,17,259,385274,38317143983,6653738018,44970882001
2017-02-25,1,UG,109,1093,1743761,184178733513,11545485770,195724219283
2017-02-25,1,Alumni,6,89,138213,7401930479,995182632,8397113111
2017-02-25,1,Others(HKUST),1,1,0,128557,82517,211074
2017-02-25,1,Non-HKUST,5,19,53973,2883087950,279378481,3162466431
2017-02-25,1,Total,258,3252,5157604,451911532100,34609138882,486520670982
2017-02-25,G,Staff,37,243,338949,7885754147,1983414482,9869168629
2017-02-25,G,TPG,291,1315,981574,273934992039,17202114107,291137106146
2017-02-25,G,RPG,69,313,230776,52025406772,3993438857,56018845629
2017-02-25,G,UG,335,1841,1928038,229903457470,35195924784,265099382254
2017-02-25,G,Alumni,31,162,226449,16549350189,2208528216,18757878405
2017-02-25,G,Others(HKUST),6,64,344171,1303109285,426556194,1729665479
2017-02-25,G,Non-HKUST,18,29,30642,7934822101,326359702,8261181803
2017-02-25,G,Total,787,3967,4080599,589536892003,61336336342,650873228345
2017-02-25,LG1,Staff,50,230,389410,18799567766,2511180071,21310747837
2017-02-25,LG1,TPG,386,3544,4861032,749139332706,95725152178,844864484884
2017-02-25,LG1,RPG,149,899,1047755,154551627570,7829375991,162381003561
2017-02-25,LG1,UG,824,8433,14510327,1189223767325,145997712267,1335221479592
2017-02-25,LG1,Alumni,24,248,344041,56476694085,5020962242,61497656327
2017-02-25,LG1,Others(HKUST),5,108,864768,15841862599,4546228842,20388091441
2017-02-25,LG1,Non-HKUST,28,140,251679,18876617614,6954863777,25831481391
2017-02-25,LG1,Total,1466,13602,22269012,2202909469665,268585475368,2471494945033
2017-02-25,LG3,Staff,23,129,148860,3786590893,578258468,4364849361
2017-02-25,LG3,TPG,144,1214,1856101,206204984493,52822338572,259027323065
2017-02-25,LG3,RPG,38,248,344162,116512130530,3750976502,120263107032
2017-02-25,LG3,UG,244,1619,2349932,210470494256,26631525316,237102019572
2017-02-25,LG3,Alumni,11,63,60721,6358997039,3317430072,9676427111
2017-02-25,LG3,Others(HKUST),5,35,2173,406710096,65812578,472522674
2017-02-25,LG3,Non-HKUST,11,76,122716,6027668619,635495880,6663164499
2017-02-25,LG3,Total,476,3384,4884665,549767575926,87801837388,637569413314
2017-02-25,LG4,Staff,37,159,176009,20306417442,5954679024,26261096466
2017-02-25,LG4,TPG,186,2109,2953245,428294267890,26841894842,455136162732
2017-02-25,LG4,RPG,95,389,558230,52890743943,4181022797,57071766740
2017-02-25,LG4,UG,348,2026,2828661,352121301698,30701580639,382822882337
2017-02-25,LG4,Alumni,16,212,372808,49040643413,6192241587,55232885000
2017-02-25,LG4,Others(HKUST),2,59,45652,2100045995,365286821,2465332816
2017-02-25,LG4,Non-HKUST,12,65,110443,16432424284,7931579800,24364004084
2017-02-25,LG4,Total,696,5019,7045048,921185844665,82168285510,1003354130175
2017-02-25,All-Floors,Staff,112,980,1485149,54885447217,11397666125,66283113342
2017-02-25,All-Floors,TPG,558,9754,13056414,1872596967777,207356637083,2079953604860
2017-02-25,All-Floors,RPG,249,2108,2566197,414297052798,26408552165,440705604963
2017-02-25,All-Floors,UG,1104,15012,23360719,2165897754262,250072228776,2415969983038
2017-02-25,All-Floors,Alumni,48,774,1142232,135827615205,17734344749,153561959954
2017-02-25,All-Floors,Others(HKUST),8,267,1256764,19651856532,5403966952,25055823484
2017-02-25,All-Floors,Non-HKUST,42,329,569453,52154620568,16127677640,68282298208
2017-02-25,All-Floors,Total,2121,29224,43436928,4715311314359,534501073490,5249812387849
2017-02-26,1,Staff,15,168,350608,1867753702,460505775,2328259477
2017-02-26,1,TPG,85,1445,2236583,253239994540,24286909149,277526903689
2017-02-26,1,RPG,17,168,308206,9632299704,699290126,10331589830
2017-02-26,1,UG,147,1773,2807594,308711815927,24042081907,332753897834
2017-02-26,1,Alumni,6,168,202803,2318267065,1676041071,3994308136
2017-02-26,1,Others(HKUST),2,24,13345,21537426988,143516074,21680943062
2017-02-26,1,Non-HKUST,7,73,92084,7502831391,358465442,7861296833
2017-02-26,1,Total,279,3819,6011223,604810389317,51666809544,656477198861
2017-02-26,G,Staff,34,182,341904,8022964055,2179308490,10202272545
2017-02-26,G,TPG,215,809,646285,86338598511,11208718422,97547316933
2017-02-26,G,RPG,81,208,90747,21072723949,1211698110,22284422059
2017-02-26,G,UG,399,2245,2440419,364822693612,57536649287,422359342899
2017-02-26,G,Alumni,27,158,175390,19298656198,3686609970,22985266168
2017-02-26,G,Others(HKUST),7,153,373073,8916925644,1285739384,10202665028
2017-02-26,G,Non-HKUST,23,62,88838,6391396097,494295103,6885691200
2017-02-26,G,Total,786,3817,4156656,514863958066,77603018766,592466976832
2017-02-26,LG1,Staff,67,318,394170,29873744779,11521875762,41395620541
2017-02-26,LG1,TPG,356,4059,6668739,783492145398,108438281145,891930426543
2017-02-26,LG1,RPG,131,906,1185522,77949729906,9056606214,87006336120
2017-02-26,LG1,UG,1025,10688,18123798,1793662671868,181203395345,1974866067213
2017-02-26,LG1,Alumni,23,169,243910,23213132691,5061831247,28274963938
2017-02-26,LG1,Others(HKUST),7,118,883111,9835146345,2653760552,12488906897
2017-02-26,LG1,Non-HKUST,44,304,464987,41640844188,4804850320,46445694508
2017-02-26,LG1,Total,1653,16562,27964237,2759667415175,322740600585,3082408015760
2017-02-26,LG3,Staff,26,136,107629,18434029279,961244517,19395273796
2017-02-26,LG3,TPG,126,1355,2001118,228027729315,60250795824,288278525139
2017-02-26,LG3,RPG,45,230,361544,22662057496,3671463943,26333521439
2017-02-26,LG3,UG,298,2123,3068631,472487563490,35208359811,507695923301
2017-02-26,LG3,Alumni,15,75,100375,11079182586,6133469848,17212652434
2017-02-26,LG3,Others(HKUST),5,34,67962,1553281519,176185781,1729467300
2017-02-26,LG3,Non-HKUST,19,99,208393,9367806797,803145475,10170952272
2017-02-26,LG3,Total,534,4052,5915652,763611650482,107204665199,870816315681
2017-02-26,LG4,Staff,30,151,248735,10698250192,1413137388,12111387580
2017-02-26,LG4,TPG,174,2321,3852389,642632096812,42138506167,684770602979
2017-02-26,LG4,RPG,85,338,466090,30242093837,4394627159,34636720996
2017-02-26,LG4,UG,389,2630,3717811,450723289627,51300395666,502023685293
2017-02-26,LG4,Alumni,16,181,355260,42089662193,10407499334,52497161527
2017-02-26,LG4,Others(HKUST),5,30,33901,1419968308,171392221,1591360529
2017-02-26,LG4,Non-HKUST,26,135,206337,6963382863,1197832710,8161215573
2017-02-26,LG4,Total,725,5786,8880523,1184768743832,111023390645,1295792134477
2017-02-26,All-Floors,Staff,112,955,1443046,68896742007,16536071932,85432813939
2017-02-26,All-Floors,TPG,439,9989,15405114,1993730564576,246323210707,2240053775283
2017-02-26,All-Floors,RPG,246,1850,2412109,161558904892,19033685552,180592590444
2017-02-26,All-Floors,UG,1310,19459,30158253,3390408034524,349290882016,3739698916540
2017-02-26,All-Floors,Alumni,47,751,1077738,97998900733,26965451470,124964352203
2017-02-26,All-Floors,Others(HKUST),14,359,1371392,43262748804,4430594012,47693342816
2017-02-26,All-Floors,Non-HKUST,65,673,1060639,71866261336,7658589050,79524850386
2017-02-26,All-Floors,Total,2233,34036,52928291,5827722156872,670238484739,6497960641611
2017-02-27,1,Staff,67,813,1079001,34858048826,2935670655,37793719481
2017-02-27,1,TPG,182,3125,4251643,403058200297,42250957429,445309157726
2017-02-27,1,RPG,24,402,575881,46922582810,5072088237,51994671047
2017-02-27,1,UG,514,4738,5464041,523505034429,71544526165,595049560594
2017-02-27,1,Alumni,2,31,76698,732091432,89315370,821406802
2017-02-27,1,Others(HKUST),3,6,124,48121762,3659525,51781287
2017-02-27,1,Non-HKUST,9,64,39817,3576295427,2800292865,6376588292
2017-02-27,1,Total,801,9179,11487205,1012700374983,124696510246,1137396885229
2017-02-27,G,Staff,186,1249,951078,34334504378,6374728673,40709233051
2017-02-27,G,TPG,439,2143,1066012,184589361998,20445241126,205034603124
2017-02-27,G,RPG,141,623,553876,51470835515,4581398292,56052233807
2017-02-27,G,UG,1694,8769,6110895,772158634849,99410667292,871569302141
2017-02-27,G,Alumni,8,73,29703,348850083,45360304,394210387
2017-02-27,G,Others(HKUST),11,305,549737,11061203924,6499803338,17561007262
2017-02-27,G,Non-HKUST,34,204,135426,12062833639,1065018443,13127852082
2017-02-27,G,Total,2513,13366,9396727,1066026224386,138422217468,1204448441854
2017-02-27,LG1,Staff,182,805,523873,23170144711,3218817828,26388962539
2017-02-27,LG1,TPG,546,4733,5184160,551719185218,58750831822,610470017040
2017-02-27,LG1,RPG,245,1641,1497654,126173057420,14861179718,141034237138
2017-02-27,LG1,UG,2798,23686,26070467,2342069186604,344134873491,2686204060095
2017-02-27,LG1,Alumni,9,63,44404,3725636509,3388171527,7113808036
2017-02-27,LG1,Others(HKUST),15,145,951765,10453287970,3085407042,13538695012
2017-02-27,LG1,Non-HKUST,59,341,436110,40857042596,6871195810,47728238406
2017-02-27,LG1,Total,3854,31414,34708433,3098167541028,434310477238,3532478018266
2017-02-27,LG3,Staff,68,297,177384,25669818504,4153073664,29822892168
2017-02-27,LG3,TPG,252,2113,2559463,357026223930,28727976801,385754200731
2017-02-27,LG3,RPG,63,397,468649,38786742989,3139885525,41926628514
2017-02-27,LG3,UG,1061,6828,7142854,796748653408,80949226923,877697880331
2017-02-27,LG3,Alumni,7,52,32616,3183140489,218197905,3401338394
2017-02-27,LG3,Others(HKUST),4,25,3111,69051476,17593422,86644898
2017-02-27,LG3,Non-HKUST,20,84,91901,6187700182,540644881,6728345063
2017-02-27,LG3,Total,1475,9796,10475978,1227671330978,117746599121,1345417930099
2017-02-27,LG4,Staff,120,367,359127,16240727460,1515150020,17755877480
2017-02-27,LG4,TPG,387,4908,6686402,717782116484,72143261067,789925377551
2017-02-27,LG4,RPG,191,759,771697,56817656301,5932676897,62750333198
2017-02-27,LG4,UG,2002,12096,12709390,1402119952760,169809517523,1571929470283
2017-02-27,LG4,Alumni,7,64,109024,11228335758,498868676,11727204434
2017-02-27,LG4,Others(HKUST),15,115,48977,3641695837,597675805,4239371642
2017-02-27,LG4,Non-HKUST,43,254,321514,40390821667,13496956706,53887778373
2017-02-27,LG4,Total,2765,18563,21006131,2248221306267,263994106694,2512215412961
2017-02-27,All-Floors,Staff,400,3531,3090463,134273243879,18197440840,152470684719
2017-02-27,All-Floors,TPG,820,17022,19747680,2214175087927,222318268245,2436493356172
2017-02-27,All-Floors,RPG,446,3822,3867757,320170875035,33587228669,353758103704
2017-02-27,All-Floors,UG,4276,56117,57497647,5836601462050,765848811394,6602450273444
2017-02-27,All-Floors,Alumni,15,283,292445,19218054271,4239913782,23457968053
2017-02-27,All-Floors,Others(HKUST),29,596,1553714,25273360969,10204139132,35477500101
2017-02-27,All-Floors,Non-HKUST,93,947,1024768,103074693511,24774108705,127848802216
2017-02-27,All-Floors,Total,6079,82318,87074474,8652786777642,1079169910767,9731956688409
2017-02-28,1,Staff,81,1073,1417917,49929078733,3428218297,53357297030
2017-02-28,1,TPG,151,2722,3411257,350934634015,45182120595,396116754610
2017-02-28,1,RPG,44,388,697592,32319222840,4226219526,36545442366
2017-02-28,1,UG,559,5265,6127391,556940971139,79993607861,636934579000
2017-02-28,1,Alumni,4,52,47812,1805036113,365570847,2170606960
2017-02-28,1,Others(HKUST),3,5,1810,32207848,4209658,36417506
2017-02-28,1,Non-HKUST,20,81,60963,7757829023,298410976,8056239999
2017-02-28,1,Total,862,9586,11764742,999718979711,133498357760,1133217337471
2017-02-28,G,Staff,150,926,799666,26368668266,3231813316,29600481582
2017-02-28,G,TPG,470,2278,1243951,243140852978,23367671140,266508524118
2017-02-28,G,RPG,163,742,473094,50211458787,4025112470,54236571257
2017-02-28,G,UG,1772,9228,6346781,750133848611,94412247285,844546095896
2017-02-28,G,Alumni,17,79,42121,3792973524,457331215,4250304739
2017-02-28,G,Others(HKUST),11,48,329963,2996661941,944787165,3941449106
2017-02-28,G,Non-HKUST,47,163,108237,16976426165,1637664376,18614090541
2017-02-28,G,Total,2630,13464,9343813,1093620890272,128076626967,1221697517239
2017-02-28,LG1,Staff,187,729,555449,38751356432,2987078775,41738435207
2017-02-28,LG1,TPG,570,5611,5878631,557468598289,64567442324,622036040613
2017-02-28,LG1,RPG,209,1180,1058052,129685002366,10994098160,140679100526
2017-02-28,LG1,UG,2860,24945,25971031,2719540228404,337319437424,3056859665828
2017-02-28,LG1,Alumni,11,54,57889,2414309320,1854722775,4269032095
2017-02-28,LG1,Others(HKUST),12,109,538744,16624374678,2065317063,18689691741
2017-02-28,LG1,Non-HKUST,65,315,352154,51236476371,5801981023,57038457394
2017-02-28,LG1,Total,3914,32943,34411950,3515720345860,425590077544,3941310423404
2017-02-28,LG3,Staff,74,332,154117,29977035330,2158588441,32135623771
2017-02-28,LG3,TPG,281,2891,3390275,299811110792,29675044197,329486154989
2017-02-28,LG3,RPG,71,475,550269,33573739961,5971237466,39544977427
2017-02-28,LG3,UG,1096,7128,7215823,878883929188,85988123137,964872052325
2017-02-28,LG3,Alumni,11,111,80910,15246961122,1268368732,16515329854
2017-02-28,LG3,Others(HKUST),7,71,15813,3511703669,298491396,3810195065
2017-02-28,LG3,Non-HKUST,36,190,314565,20048328945,1935277260,21983606205
2017-02-28,LG3,Total,1576,11198,11721772,1281052809007,127295130629,1408347939636
2017-02-28,LG4,Staff,149,378,219686,14106727466,1219005334,15325732800
2017-02-28,LG4,TPG,366,5103,6519708,728892596556,71316762175,800209358731
2017-02-28,LG4,RPG,185,1007,922756,100541222532,8931762651,109472985183
2017-02-28,LG4,UG,2075,12876,13292877,1725972385290,137322531234,1863294916524
2017-02-28,LG4,Alumni,7,102,108051,30340300536,1505425360,31845725896
2017-02-28,LG4,Others(HKUST),16,100,51893,4476831502,608550025,5085381527
2017-02-28,LG4,Non-HKUST,49,295,434292,34620403378,5210099042,39830502420
2017-02-28,LG4,Total,2847,19861,21549263,2638950467260,226114135821,2865064603081
2017-02-28,All-Floors,Staff,391,3438,3146835,159132866227,13024704163,172157570390
2017-02-28,All-Floors,TPG,838,18605,20443822,2180247792630,234109040431,2414356833061
2017-02-28,All-Floors,RPG,435,3792,3701763,346330646486,34148430273,380479076759
2017-02-28,All-Floors,UG,4349,59442,58953903,6631471362632,735035946941,7366507309573
2017-02-28,All-Floors,Alumni,25,398,336783,53599580615,5451418929,59050999544
2017-02-28,All-Floors,Others(HKUST),27,333,938223,27641779638,3921355307,31563134945
2017-02-28,All-Floors,Non-HKUST,116,1044,1270211,130639463882,14883432677,145522896559
2017-02-28,All-Floors,Total,6181,87052,88791540,9529063492110,1040574328721,10569637820831
